{"stats":{"minecraft:dropped":{"minecraft:baked_potato":2,"minecraft:dark_oak_slab":1,"iceandfire:fire_dragon_flesh":1,"minecraft:dirt":402,"minecraft:gold_nugget":35,"minecraft:bone":4,"minecraft:gravel":1,"minecraft:cobbled_deepslate":26,"alexscaves:cave_tablet":4,"minecraft:rotten_flesh":2,"create:asurine":2,"minecraft:poppy":2,"soul_like_armors_reworked:rustyshield":1,"minecraft:trident":1,"alexscaves:cave_book":1,"farmersdelight:rope":52,"minecraft:quartz":20,"minecraft:netherrack":171,"farmersdelight:tomato_seeds":13,"minecraft:bread":64,"minecraft:purple_terracotta":3,"minecraft:wheat_seeds":2,"minecraft:mossy_cobblestone":1,"minecraft:cobblestone":201,"minecraft:iron_helmet":1,"alexscaves:spelunkery_table":1,"minecraft:granite":10,"minecraft:stick":2,"minecraft:diorite":15,"tombstone:magic_scroll":1,"minecraft:torch":5,"tombstone:grave_key":3,"minecraft:wooden_axe":1,"minecraft:melon_slice":38,"tombstone:grave_dust":2,"minecraft:iron_axe":1,"minecraft:string":3,"create:raw_zinc":2,"iceandfire:dragon_skull_fire":1,"minecraft:spruce_sapling":1,"iceandfire:dragonbone":7,"iceandfire:dragonscales_gray":25,"minecraft:oak_trapdoor":9,"minecraft:cobblestone_wall":3,"minecraft:raw_copper":6,"minecraft:tuff":9,"farmersdelight:cabbage_seeds":8,"minecraft:flower_pot":3,"soul_like_armors_reworked:darkknightsword":1,"create:veridium":2,"minecraft:spruce_planks":53,"minecraft:andesite":43,"minecraft:mossy_stone_bricks":1,"minecraft:stone_bricks":2,"iceandfire:fire_dragon_heart":1,"minecraft:wooden_pickaxe":1,"minecraft:cyan_bed":2,"minecraft:magenta_terracotta":4},"minecraft:killed":{"minecraft:spider":1,"minecraft:skeleton":3,"minecraft:silverfish":7,"minecraft:sheep":4,"minecraft:pillager":5,"minecraft:zombie":11,"minecraft:stray":1,"minecraft:vindicator":2,"minecraft:enderman":1},"minecraft:mined":{"minecraft:dark_oak_planks":10,"create:deepslate_zinc_ore":5,"minecraft:spruce_planks":13,"minecraft:white_bed":4,"minecraft:black_terracotta":7,"minecraft:obsidian":6,"minecraft:granite":21,"minecraft:budding_amethyst":13,"minecraft:grass_block":276,"minecraft:soul_soil":26,"minecraft:coal_block":2,"minecraft:iron_ore":39,"minecraft:fire":4,"create:asurine":1,"minecraft:iron_bars":1,"minecraft:light_gray_concrete":2,"minecraft:spruce_wood":59,"create:veridium":2,"minecraft:gray_terracotta":3,"minecraft:brown_mushroom":1,"minecraft:cyan_terracotta":7,"minecraft:torch":6,"minecraft:calcite":10,"minecraft:melon":9,"minecraft:nether_quartz_ore":22,"minecraft:cobblestone":8,"minecraft:cyan_bed":5,"minecraft:bricks":8,"minecraft:wall_torch":5,"minecraft:amethyst_block":116,"minecraft:dark_oak_slab":1,"minecraft:stone_brick_stairs":1,"minecraft:grass":7,"minecraft:sand":27,"minecraft:dirt":969,"minecraft:netherrack":598,"travelersbackpack:purple_sleeping_bag":2,"minecraft:oak_leaves":1,"minecraft:deepslate":220,"minecraft:infested_deepslate":3,"create:zinc_ore":2,"minecraft:nether_gold_ore":9,"alexscaves:spelunkery_table":1,"minecraft:tuff":19,"iceandfire:silver_ore":11,"minecraft:mossy_cobblestone":1,"minecraft:deepslate_diamond_ore":2,"minecraft:chiseled_bookshelf":1,"minecraft:purple_terracotta":24,"minecraft:spruce_leaves":34,"minecraft:large_fern":1,"minecraft:hay_block":34,"minecraft:oak_trapdoor":13,"minecraft:furnace":3,"minecraft:andesite":88,"minecraft:bookshelf":6,"minecraft:deepslate_iron_ore":4,"minecraft:stripped_oak_log":5,"minecraft:stone":1194,"minecraft:oak_slab":1,"minecraft:soul_sand":32,"travelersbackpack:standard":1,"minecraft:oak_fence":5,"minecraft:crafting_table":2,"minecraft:tall_grass":2,"minecraft:copper_ore":9,"minecraft:lapis_ore":6,"minecraft:deepslate_gold_ore":8,"minecraft:diorite":31,"minecraft:purple_wool":2,"minecraft:black_stained_glass":6,"minecraft:magenta_terracotta":16,"minecraft:sweet_berry_bush":7,"minecraft:ice":4,"minecraft:spruce_log":89,"minecraft:coal_ore":119,"minecraft:gravel":32,"minecraft:cobweb":22,"minecraft:stone_bricks":20,"minecraft:mossy_stone_bricks":1,"minecraft:gold_ore":3,"minecraft:fern":1},"minecraft:picked_up":{"minecraft:wooden_axe":1,"minecraft:flower_pot":1,"minecraft:lead":1,"minecraft:enchanted_book":7,"minecraft:stone_brick_stairs":3,"tombstone:grave_key":1,"minecraft:amethyst_block":79,"minecraft:string":14,"minecraft:soul_soil":22,"minecraft:raw_copper":30,"minecraft:iron_leggings":1,"minecraft:gold_nugget":103,"minecraft:cobbled_deepslate":157,"minecraft:spruce_planks":37,"minecraft:calcite":2,"minecraft:iron_pickaxe":1,"minecraft:melon_slice":88,"minecraft:coal_block":2,"minecraft:iron_boots":1,"minecraft:furnace":3,"minecraft:sheaf_pottery_sherd":2,"apotheosis:gem":10,"minecraft:stick":4,"minecraft:torch":24,"minecraft:spruce_stairs":1,"tombstone:grave_dust":3,"minecraft:diorite":36,"minecraft:rotten_flesh":17,"iceandfire:fire_dragon_heart":1,"minecraft:cyan_terracotta":5,"create:asurine":2,"create:veridium":2,"minecraft:snowball":9,"minecraft:obsidian":6,"minecraft:cod":3,"minecraft:iron_bars":1,"minecraft:cobblestone":1168,"minecraft:cooked_beef":2,"minecraft:andesite":72,"minecraft:flint":4,"minecraft:tuff":28,"create:raw_zinc":7,"minecraft:lapis_lazuli":36,"minecraft:magenta_terracotta":17,"minecraft:dirt":1088,"minecraft:bone":4,"minecraft:wheat_seeds":3,"minecraft:raw_gold":11,"minecraft:mossy_stone_bricks":1,"minecraft:diamond_helmet":1,"iceandfire:dragon_skull_fire":1,"minecraft:sand":26,"minecraft:cyan_bed":5,"minecraft:lily_of_the_valley":1,"minecraft:trapped_chest":1,"minecraft:mossy_cobblestone":1,"minecraft:light_gray_concrete":2,"minecraft:diamond":2,"minecraft:crossbow":1,"minecraft:granite":18,"minecraft:golden_apple":2,"minecraft:emerald":1,"minecraft:netherrack":594,"iceandfire:raw_silver":11,"minecraft:crafting_table":3,"minecraft:brown_mushroom":2,"minecraft:wooden_pickaxe":1,"minecraft:stone_brick_wall":1,"soul_like_armors_reworked:darkknightsword":2,"minecraft:cornflower":1,"minecraft:oak_trapdoor":9,"minecraft:iron_axe":2,"minecraft:item_frame":4,"minecraft:poppy":2,"minecraft:spruce_slab":6,"minecraft:spruce_trapdoor":8,"minecraft:raw_iron":43,"iceandfire:dragonscales_gray":25,"iceandfire:dragonbone":7,"iceandfire:chared_grass":14,"farmersdelight:tomato_seeds":10,"minecraft:trident":1,"minecraft:dark_oak_planks":7,"minecraft:purple_terracotta":19,"soul_like_armors_reworked:estusflask":2,"minecraft:arrow":2,"minecraft:hay_block":34,"alexscaves:spelunkery_table":1,"minecraft:totem_of_undying":1,"minecraft:mutton":7,"minecraft:white_wool":5,"minecraft:salmon":4,"minecraft:cobblestone_wall":8,"minecraft:white_banner":1,"tombstone:gift":1,"minecraft:cooked_mutton":1,"soul_like_armors_reworked:rustyshield":1,"minecraft:apple":1,"minecraft:stone_bricks":10,"minecraft:spruce_wood":45,"minecraft:iron_ingot":2,"minecraft:soul_sand":10,"iceandfire:fire_dragon_flesh":1,"minecraft:book":24,"minecraft:oak_slab":1,"minecraft:dark_oak_slab":1,"minecraft:sweet_berries":16,"minecraft:quartz":22,"minecraft:gravel":55,"minecraft:spruce_sapling":5,"minecraft:spruce_log":116,"minecraft:white_bed":4,"travelersbackpack:purple_sleeping_bag":3,"soul_like_armors_reworked:rustysteelmace":1,"travelersbackpack:standard":1,"minecraft:baked_potato":2,"minecraft:coal":219,"minecraft:ender_pearl":1},"minecraft:custom":{"minecraft:animals_bred":2,"minecraft:interact_with_crafting_table":43,"minecraft:open_barrel":45,"minecraft:leave_game":7,"minecraft:time_since_death":5579,"minecraft:damage_resisted":0,"minecraft:sprint_one_cm":1075049,"minecraft:damage_blocked_by_shield":2760,"minecraft:drop":444,"minecraft:talked_to_villager":1,"minecraft:play_time":317517,"minecraft:deaths":42,"minecraft:jump":2830,"minecraft:walk_on_water_one_cm":26236,"minecraft:interact_with_furnace":30,"minecraft:interact_with_loom":2,"minecraft:sleep_in_bed":9,"tombstone:sneak_grave":1,"minecraft:damage_dealt":10518,"minecraft:crouch_one_cm":78703,"tombstone:undead_killed":15,"minecraft:horse_one_cm":2100,"minecraft:mob_kills":36,"minecraft:damage_dealt_resisted":0,"minecraft:climb_one_cm":3192,"minecraft:walk_one_cm":829296,"minecraft:sneak_time":25434,"minecraft:walk_under_water_one_cm":33698,"minecraft:total_world_time":317517,"tombstone:raider_killed":7,"minecraft:time_since_rest":4587,"minecraft:damage_taken":16476,"minecraft:damage_absorbed":11,"minecraft:trigger_trapped_chest":1,"minecraft:swim_one_cm":31261,"minecraft:fly_one_cm":343115,"minecraft:open_chest":159,"minecraft:fish_caught":7,"minecraft:fall_one_cm":71961},"minecraft:crafted":{"minecraft:barrel":1,"minecraft:glass":12,"minecraft:chest":4,"vanillaplustools:stone_shovel":2,"minecraft:crafting_table":11,"minecraft:spruce_planks":524,"travelersbackpack:standard":1,"minecraft:baked_potato":64,"minecraft:wooden_pickaxe":1,"minecraft:diamond_pickaxe":1,"minecraft:shield":1,"minecraft:stick":188,"minecraft:iron_ingot":11,"minecraft:iron_pickaxe":1,"minecraft:gold_ingot":19,"minecraft:stone_shovel":19,"minecraft:fishing_rod":1,"vanillaplustools:stone_hammer":1,"minecraft:furnace":3,"minecraft:spruce_fence":3,"minecraft:flint_and_steel":1,"minecraft:stone_pickaxe":16,"minecraft:wheat":306,"minecraft:cooked_beef":12,"minecraft:diamond_sword":1,"travelersbackpack:backpack_tank":2,"minecraft:bucket":1,"minecraft:stone_axe":2,"minecraft:bread":99,"minecraft:air":0,"minecraft:wooden_axe":1,"minecraft:iron_leggings":1,"minecraft:white_bed":1,"minecraft:torch":400},"minecraft:broken":{"minecraft:iron_chestplate":1,"minecraft:stone_pickaxe":4,"minecraft:stone_axe":1,"minecraft:fishing_rod":1,"minecraft:shield":1,"vanillaplustools:stone_hammer":1,"minecraft:iron_pickaxe":2,"vanillaplustools:stone_shovel":2},"minecraft:killed_by":{"minecraft:evoker":1,"minecraft:zombified_piglin":1,"iceandfire:cyclops":1,"minecraft:creeper":1,"minecraft:pillager":1,"sanitydim:rotting_stalker":1,"minecraft:vindicator":26,"minecraft:zombie":1,"minecraft:vex":4,"minecraft:player":1,"minecraft:skeleton":1},"minecraft:used":{"minecraft:chest":3,"minecraft:shield":32,"soul_like_armors_reworked:darkknightsword":2,"minecraft:obsidian":6,"minecraft:cyan_terracotta":3,"minecraft:item_frame":2,"minecraft:sweet_berries":23,"minecraft:furnace":5,"travelersbackpack:purple_sleeping_bag":2,"soul_like_armors_reworked:rustysteelmace":12,"minecraft:diorite":2,"minecraft:stone_pickaxe":603,"minecraft:ender_pearl":1,"minecraft:wooden_pickaxe":23,"minecraft:golden_apple":1,"alexscaves:cave_book":1,"minecraft:cyan_bed":3,"minecraft:bread":38,"minecraft:melon_slice":12,"minecraft:gravel":9,"minecraft:diamond_sword":256,"minecraft:andesite":11,"minecraft:iron_bars":1,"minecraft:flint_and_steel":1,"minecraft:stone_shovel":32,"minecraft:spruce_planks":353,"vanillaplustools:stone_hammer":127,"soul_like_armors_reworked:estusflask":2,"minecraft:netherrack":315,"minecraft:torch":398,"minecraft:dirt":385,"minecraft:spruce_fence":3,"minecraft:granite":8,"minecraft:wooden_axe":15,"soul_like_armors_reworked:dagger":2,"minecraft:iron_axe":111,"minecraft:barrel":1,"tombstone:gift":6,"minecraft:cooked_beef":14,"minecraft:cobbled_deepslate":34,"minecraft:cooked_mutton":1,"minecraft:water_bucket":56,"minecraft:baked_potato":14,"minecraft:brown_mushroom":1,"minecraft:crafting_table":14,"vanillaplustools:stone_shovel":264,"minecraft:white_bed":5,"minecraft:spruce_log":1,"minecraft:diamond_pickaxe":603,"minecraft:apple":1,"minecraft:iron_pickaxe":503,"minecraft:spruce_sapling":3,"minecraft:stone_axe":164,"minecraft:fishing_rod":43,"minecraft:cobblestone":195,"travelersbackpack:standard":8,"iceandfire:chared_grass":14,"minecraft:bucket":63}},"DataVersion":3465}