{"stats":{"minecraft:picked_up":{"minecraft:crafting_table":1,"minecraft:wooden_pickaxe":1,"minecraft:gunpowder":2,"minecraft:acacia_boat":4,"minecraft:dirt":32,"minecraft:wheat_seeds":4,"minecraft:beef":6,"minecraft:mangrove_planks":7,"minecraft:mangrove_log":9,"minecraft:stick":2,"minecraft:raw_iron":12,"minecraft:acacia_log":17,"minecraft:white_bed":2,"minecraft:spider_eye":2,"minecraft:arrow":1,"minecraft:rotten_flesh":1,"minecraft:granite":9,"minecraft:mangrove_roots":2,"minecraft:mangrove_propagule":1,"minecraft:mutton":23,"minecraft:coal":20,"minecraft:white_wool":21,"minecraft:cobblestone":121},"minecraft:used":{"minecraft:cooked_mutton":7,"minecraft:acacia_boat":4,"minecraft:stone_pickaxe":120,"minecraft:mangrove_planks":3,"minecraft:chest":1,"minecraft:wooden_pickaxe":29,"minecraft:rotten_flesh":1,"minecraft:torch":12,"minecraft:crafting_table":5,"minecraft:white_bed":5,"minecraft:granite":1,"minecraft:wooden_axe":39,"minecraft:mangrove_propagule":1,"minecraft:stone_axe":59,"minecraft:cobblestone":2,"minecraft:furnace":2,"minecraft:cooked_beef":2},"minecraft:crafted":{"minecraft:cooked_beef":4,"minecraft:crafting_table":4,"minecraft:wooden_pickaxe":1,"minecraft:furnace":2,"minecraft:mangrove_planks":36,"minecraft:stone_axe":2,"minecraft:acacia_boat":1,"minecraft:cooked_mutton":7,"minecraft:air":0,"minecraft:shield":1,"minecraft:stick":16,"minecraft:iron_ingot":10,"minecraft:iron_pickaxe":2,"minecraft:stone_pickaxe":1,"minecraft:wooden_axe":1,"minecraft:chest":1,"minecraft:white_bed":3,"minecraft:acacia_planks":68,"minecraft:torch":16},"minecraft:killed_by":{"minecraft:witch":1},"minecraft:broken":{"minecraft:wooden_axe":1},"minecraft:custom":{"minecraft:interact_with_furnace":10,"minecraft:mob_kills":21,"minecraft:interact_with_crafting_table":16,"minecraft:time_since_death":29327,"minecraft:sleep_in_bed":4,"minecraft:climb_one_cm":211,"minecraft:time_since_rest":6356,"minecraft:sprint_one_cm":165416,"minecraft:damage_taken":720,"minecraft:walk_one_cm":57948,"minecraft:drop":20,"minecraft:damage_dealt":2739,"minecraft:swim_one_cm":20499,"minecraft:fly_one_cm":115132,"minecraft:open_chest":2,"minecraft:crouch_one_cm":146,"minecraft:play_time":40574,"minecraft:deaths":1,"minecraft:sneak_time":53,"minecraft:walk_under_water_one_cm":8584,"minecraft:boat_one_cm":149355,"minecraft:jump":627,"minecraft:walk_on_water_one_cm":6836,"minecraft:total_world_time":40574,"minecraft:fall_one_cm":10671},"minecraft:killed":{"minecraft:witch":1,"minecraft:skeleton":1,"minecraft:sheep":16,"minecraft:zombie":1,"minecraft:cow":2},"minecraft:mined":{"minecraft:acacia_leaves":3,"minecraft:white_bed":3,"minecraft:mangrove_roots":1,"minecraft:crafting_table":1,"minecraft:granite":9,"minecraft:acacia_log":17,"minecraft:grass_block":3,"minecraft:tall_grass":2,"minecraft:mangrove_propagule":1,"minecraft:iron_ore":12,"minecraft:moss_carpet":1,"minecraft:mangrove_leaves":9,"minecraft:grass":17,"minecraft:coal_ore":20,"minecraft:vine":1,"minecraft:dirt":17,"minecraft:mangrove_log":9,"minecraft:stone":98},"minecraft:dropped":{"minecraft:stone_axe":1,"minecraft:wheat_seeds":2,"minecraft:dirt":12,"minecraft:white_wool":5}},"DataVersion":3465}