{"stats":{"minecraft:crafted":{"minecraft:crafting_table":2,"minecraft:spruce_planks":44,"minecraft:stick":8,"minecraft:wooden_pickaxe":1,"minecraft:stone_pickaxe":1,"minecraft:wooden_axe":1,"minecraft:furnace":1,"minecraft:stone_axe":1},"minecraft:custom":{"minecraft:time_since_rest":10101,"minecraft:interact_with_furnace":1,"minecraft:sprint_one_cm":54408,"minecraft:damage_taken":3254,"minecraft:walk_one_cm":47012,"minecraft:mob_kills":1,"minecraft:drop":4,"minecraft:damage_dealt":312,"minecraft:interact_with_crafting_table":3,"minecraft:swim_one_cm":1148,"minecraft:fly_one_cm":10866,"minecraft:crouch_one_cm":285,"minecraft:play_time":16261,"minecraft:deaths":9,"minecraft:sneak_time":36,"minecraft:walk_under_water_one_cm":2561,"minecraft:jump":119,"minecraft:walk_on_water_one_cm":929,"minecraft:leave_game":3,"minecraft:time_since_death":10295,"minecraft:total_world_time":16261,"minecraft:damage_resisted":0,"minecraft:fall_one_cm":4286},"minecraft:killed_by":{"minecraft:vindicator":5,"minecraft:player":1,"minecraft:skeleton":1,"minecraft:creeper":1,"minecraft:pillager":1},"minecraft:picked_up":{"minecraft:stick":3,"minecraft:crafting_table":1,"minecraft:sweet_berries":14,"minecraft:andesite":30,"minecraft:brown_mushroom":1,"minecraft:gravel":1,"tombstone:grave_key":1,"minecraft:spruce_sapling":3,"minecraft:diorite":19,"minecraft:spruce_log":15,"minecraft:dirt":9,"minecraft:cooked_mutton":1,"minecraft:rotten_flesh":6,"minecraft:wheat_seeds":2,"minecraft:spruce_planks":1,"minecraft:spruce_wood":11,"minecraft:granite":1,"minecraft:calcite":2,"minecraft:mutton":2,"minecraft:white_wool":2,"minecraft:cobblestone":48,"minecraft:furnace":1},"minecraft:mined":{"minecraft:spruce_planks":2,"minecraft:furnace":1,"minecraft:sweet_berry_bush":6,"minecraft:spruce_log":9,"minecraft:andesite":32,"minecraft:crafting_table":1,"minecraft:granite":1,"minecraft:grass":1,"minecraft:grass_block":7,"minecraft:coal_ore":1,"minecraft:gravel":1,"minecraft:dirt":7,"minecraft:spruce_wood":11,"minecraft:spruce_leaves":9,"minecraft:stone":49,"minecraft:diorite":20,"minecraft:fern":1},"minecraft:used":{"minecraft:cooked_mutton":1,"minecraft:wooden_axe":12,"soul_like_armors_reworked:dagger":2,"minecraft:stone_pickaxe":106,"minecraft:wooden_pickaxe":23,"minecraft:spruce_sapling":3,"minecraft:stone_axe":9,"minecraft:dirt":5,"minecraft:sweet_berries":3,"minecraft:crafting_table":2,"minecraft:furnace":1,"minecraft:spruce_log":1},"minecraft:killed":{"minecraft:sheep":1},"minecraft:dropped":{"minecraft:wheat_seeds":2,"tombstone:grave_key":2}},"DataVersion":3465}