{"stats":{"minecraft:dropped":{"farmersdelight:iron_knife":1,"minecraft:baked_potato":2,"minecraft:dark_oak_slab":1,"iceandfire:fire_dragon_flesh":1,"minecraft:dirt":402,"minecraft:gold_nugget":35,"minecraft:bone":5,"minecraft:gravel":1,"vanillaplustools:stone_shovel":1,"minecraft:cobbled_deepslate":26,"alexscaves:cave_tablet":4,"minecraft:rotten_flesh":2,"create:asurine":2,"minecraft:poppy":2,"apotheosis:ender_lead":1,"soul_like_armors_reworked:rustyshield":1,"minecraft:trident":1,"alexscaves:cave_book":1,"farmersdelight:rope":52,"minecraft:quartz":20,"minecraft:netherrack":215,"farmersdelight:tomato_seeds":13,"minecraft:bread":64,"minecraft:purple_terracotta":3,"minecraft:wheat_seeds":3,"minecraft:mossy_cobblestone":1,"minecraft:cobblestone":201,"minecraft:iron_helmet":1,"alexscaves:spelunkery_table":1,"soul_like_armors_reworked:rustysteel_leggings":3,"minecraft:granite":10,"minecraft:stick":2,"minecraft:diorite":15,"tombstone:magic_scroll":1,"minecraft:torch":5,"tombstone:grave_key":3,"minecraft:wooden_axe":1,"minecraft:melon_slice":38,"tombstone:grave_dust":2,"minecraft:iron_axe":1,"minecraft:string":3,"create:raw_zinc":2,"iceandfire:dragon_skull_fire":1,"minecraft:spruce_sapling":1,"minecraft:dandelion":3,"iceandfire:dragonbone":7,"iceandfire:dragonscales_gray":25,"minecraft:oak_trapdoor":9,"minecraft:cobblestone_wall":3,"minecraft:raw_copper":6,"minecraft:tuff":9,"farmersdelight:cabbage_seeds":8,"minecraft:flower_pot":3,"soul_like_armors_reworked:darkknighttrident":2,"soul_like_armors_reworked:darkknightsword":1,"create:veridium":2,"minecraft:spruce_planks":54,"minecraft:andesite":43,"minecraft:mossy_stone_bricks":1,"minecraft:stone_bricks":2,"minecraft:bamboo":1,"iceandfire:fire_dragon_heart":1,"minecraft:stone_pickaxe":2,"minecraft:wooden_pickaxe":1,"minecraft:cyan_bed":2,"minecraft:magenta_terracotta":4},"minecraft:killed":{"minecraft:spider":3,"minecraft:skeleton":6,"minecraft:bee":1,"minecraft:silverfish":7,"minecraft:sheep":4,"minecraft:pillager":5,"minecraft:zombie":15,"minecraft:stray":2,"minecraft:blaze":3,"minecraft:vindicator":2,"minecraft:husk":1,"minecraft:enderman":1},"minecraft:mined":{"minecraft:dark_oak_planks":10,"create:deepslate_zinc_ore":5,"minecraft:spruce_planks":13,"minecraft:white_bed":4,"minecraft:black_terracotta":7,"minecraft:obsidian":6,"minecraft:granite":21,"minecraft:budding_amethyst":13,"minecraft:grass_block":346,"minecraft:soul_soil":26,"minecraft:coal_block":2,"travelersbackpack:coal":3,"minecraft:iron_ore":39,"minecraft:fire":17,"create:asurine":1,"minecraft:iron_bars":1,"minecraft:light_gray_concrete":2,"minecraft:spruce_wood":59,"create:veridium":2,"minecraft:gray_terracotta":3,"minecraft:brown_mushroom":10,"minecraft:cyan_terracotta":7,"minecraft:torch":6,"minecraft:calcite":10,"minecraft:melon":9,"minecraft:chest":1,"minecraft:nether_quartz_ore":22,"minecraft:cobblestone":9,"minecraft:cyan_bed":5,"minecraft:bricks":8,"minecraft:wall_torch":6,"minecraft:amethyst_block":116,"minecraft:dark_oak_slab":1,"minecraft:wheat":20,"minecraft:tnt":1,"minecraft:stone_brick_stairs":1,"minecraft:grass":7,"minecraft:oak_log":1,"minecraft:sand":27,"minecraft:dirt":1075,"minecraft:netherrack":599,"travelersbackpack:purple_sleeping_bag":2,"minecraft:oak_leaves":2,"minecraft:deepslate":220,"minecraft:infested_deepslate":3,"create:zinc_ore":2,"minecraft:nether_gold_ore":9,"alexscaves:spelunkery_table":1,"minecraft:tuff":19,"iceandfire:silver_ore":11,"minecraft:mossy_cobblestone":1,"minecraft:deepslate_diamond_ore":2,"minecraft:chiseled_bookshelf":1,"minecraft:purple_terracotta":24,"minecraft:spruce_leaves":35,"minecraft:large_fern":1,"minecraft:hay_block":35,"minecraft:oak_trapdoor":13,"minecraft:furnace":3,"minecraft:carrots":4,"minecraft:andesite":88,"minecraft:bookshelf":6,"minecraft:deepslate_iron_ore":4,"minecraft:stripped_oak_log":5,"minecraft:stone":1200,"minecraft:oak_slab":1,"minecraft:soul_sand":32,"minecraft:brown_carpet":1,"travelersbackpack:standard":1,"minecraft:oak_fence":5,"minecraft:crafting_table":2,"minecraft:tall_grass":3,"minecraft:copper_ore":9,"minecraft:lapis_ore":6,"minecraft:deepslate_gold_ore":8,"minecraft:diorite":31,"minecraft:purple_wool":2,"minecraft:black_stained_glass":6,"minecraft:magenta_terracotta":16,"minecraft:sweet_berry_bush":7,"minecraft:ice":4,"minecraft:spruce_log":134,"minecraft:coal_ore":119,"minecraft:zombie_head":1,"minecraft:gravel":33,"minecraft:cobweb":22,"minecraft:stone_bricks":20,"minecraft:mossy_stone_bricks":1,"minecraft:gold_ore":3,"minecraft:fern":1},"minecraft:picked_up":{"minecraft:wooden_axe":1,"minecraft:wheat":16,"minecraft:chainmail_boots":1,"minecraft:flower_pot":1,"minecraft:lead":1,"minecraft:enchanted_book":7,"minecraft:stone_brick_stairs":3,"tombstone:grave_key":1,"minecraft:amethyst_block":79,"minecraft:string":16,"minecraft:soul_soil":22,"minecraft:raw_copper":30,"minecraft:iron_leggings":1,"minecraft:zombie_head":1,"vanillaplustools:stone_shovel":1,"minecraft:gold_nugget":103,"minecraft:cobbled_deepslate":157,"minecraft:spruce_planks":37,"minecraft:calcite":2,"minecraft:iron_pickaxe":1,"apotheosis:ender_lead":1,"minecraft:melon_slice":88,"minecraft:coal_block":2,"minecraft:iron_boots":1,"minecraft:furnace":3,"minecraft:sheaf_pottery_sherd":2,"apotheosis:gem":11,"minecraft:stick":6,"minecraft:torch":26,"minecraft:spruce_stairs":1,"tombstone:grave_dust":4,"minecraft:diorite":36,"minecraft:rotten_flesh":28,"iceandfire:fire_dragon_heart":1,"minecraft:cyan_terracotta":5,"create:asurine":2,"create:veridium":2,"minecraft:blaze_rod":2,"minecraft:snowball":9,"minecraft:obsidian":6,"minecraft:cod":3,"minecraft:iron_bars":1,"minecraft:cobblestone":1183,"minecraft:cooked_beef":2,"minecraft:andesite":72,"minecraft:potato":64,"minecraft:flint":6,"minecraft:tuff":28,"create:raw_zinc":7,"minecraft:lapis_lazuli":36,"minecraft:magenta_terracotta":17,"minecraft:dirt":1225,"minecraft:bone":11,"farmersdelight:iron_knife":1,"minecraft:bow":1,"minecraft:wheat_seeds":4,"minecraft:raw_gold":11,"minecraft:mossy_stone_bricks":1,"minecraft:diamond_helmet":1,"iceandfire:dragon_skull_fire":1,"minecraft:sand":26,"minecraft:cyan_bed":5,"minecraft:lily_of_the_valley":1,"minecraft:trapped_chest":1,"minecraft:mossy_cobblestone":1,"minecraft:light_gray_concrete":2,"minecraft:diamond":2,"minecraft:crossbow":1,"minecraft:granite":18,"minecraft:golden_apple":2,"minecraft:emerald":1,"minecraft:netherrack":656,"iceandfire:raw_silver":11,"minecraft:crafting_table":3,"minecraft:brown_mushroom":11,"minecraft:wooden_pickaxe":1,"minecraft:stone_brick_wall":1,"soul_like_armors_reworked:darkknightsword":2,"minecraft:cornflower":1,"minecraft:oak_trapdoor":9,"minecraft:iron_axe":2,"minecraft:item_frame":4,"minecraft:poppy":2,"minecraft:spruce_slab":6,"minecraft:chest":1,"minecraft:spruce_trapdoor":8,"minecraft:raw_iron":43,"iceandfire:dragonscales_gray":25,"iceandfire:dragonbone":7,"iceandfire:chared_grass":14,"farmersdelight:tomato_seeds":10,"minecraft:trident":1,"minecraft:dark_oak_planks":7,"minecraft:purple_terracotta":19,"soul_like_armors_reworked:estusflask":6,"minecraft:arrow":5,"minecraft:hay_block":34,"alexscaves:spelunkery_table":1,"minecraft:totem_of_undying":1,"minecraft:mutton":7,"minecraft:white_wool":5,"minecraft:salmon":4,"soul_like_armors_reworked:darkknighttrident":2,"minecraft:oak_log":1,"minecraft:chainmail_chestplate":1,"minecraft:cobblestone_wall":8,"minecraft:white_banner":1,"tombstone:gift":1,"minecraft:cooked_mutton":1,"soul_like_armors_reworked:rustyshield":1,"minecraft:apple":1,"minecraft:stone_bricks":10,"minecraft:spruce_wood":45,"minecraft:iron_ingot":3,"minecraft:stone_pickaxe":2,"travelersbackpack:coal":3,"minecraft:soul_sand":10,"iceandfire:fire_dragon_flesh":1,"minecraft:book":24,"minecraft:oak_slab":1,"minecraft:dark_oak_slab":1,"minecraft:sweet_berries":16,"minecraft:quartz":22,"minecraft:dandelion":4,"minecraft:gravel":56,"minecraft:spruce_sapling":5,"minecraft:spruce_log":160,"minecraft:white_bed":5,"travelersbackpack:purple_sleeping_bag":3,"soul_like_armors_reworked:rustysteelmace":1,"minecraft:spider_eye":2,"travelersbackpack:standard":1,"minecraft:baked_potato":2,"soul_like_armors_reworked:rustysteel_leggings":4,"minecraft:coal":219,"minecraft:ender_pearl":1},"minecraft:custom":{"minecraft:animals_bred":2,"minecraft:interact_with_crafting_table":53,"minecraft:open_barrel":45,"minecraft:leave_game":7,"minecraft:time_since_death":841,"minecraft:damage_resisted":0,"minecraft:sprint_one_cm":1559194,"minecraft:damage_blocked_by_shield":2760,"minecraft:drop":462,"minecraft:talked_to_villager":7,"minecraft:play_time":401517,"minecraft:deaths":47,"minecraft:jump":3872,"minecraft:walk_on_water_one_cm":53230,"minecraft:interact_with_furnace":36,"minecraft:traded_with_villager":21,"minecraft:interact_with_loom":2,"minecraft:sleep_in_bed":13,"tombstone:sneak_grave":1,"minecraft:damage_dealt":12623,"minecraft:crouch_one_cm":94144,"tombstone:undead_killed":24,"minecraft:horse_one_cm":2100,"minecraft:mob_kills":52,"minecraft:damage_dealt_resisted":0,"minecraft:climb_one_cm":3192,"minecraft:walk_one_cm":1055508,"minecraft:sneak_time":31014,"minecraft:walk_under_water_one_cm":65711,"minecraft:interact_with_blast_furnace":2,"minecraft:total_world_time":401517,"tombstone:raider_killed":7,"minecraft:time_since_rest":1,"minecraft:damage_taken":18857,"minecraft:damage_absorbed":11,"minecraft:trigger_trapped_chest":1,"minecraft:swim_one_cm":38993,"minecraft:fly_one_cm":521158,"minecraft:open_chest":207,"minecraft:fish_caught":7,"minecraft:fall_one_cm":98192},"minecraft:crafted":{"minecraft:oak_planks":4,"minecraft:barrel":1,"minecraft:glass":12,"minecraft:chest":4,"vanillaplustools:stone_shovel":2,"travelersbackpack:coal":1,"minecraft:arrow":144,"minecraft:emerald":12,"minecraft:crafting_table":12,"minecraft:spruce_planks":700,"farmersdelight:iron_knife":1,"travelersbackpack:standard":1,"minecraft:baked_potato":75,"minecraft:wooden_pickaxe":1,"minecraft:fletching_table":1,"minecraft:diamond_pickaxe":1,"minecraft:shield":1,"minecraft:stick":586,"minecraft:iron_ingot":11,"minecraft:iron_pickaxe":1,"minecraft:gold_ingot":27,"minecraft:stone_shovel":19,"minecraft:fishing_rod":1,"vanillaplustools:stone_hammer":1,"minecraft:golden_chestplate":1,"minecraft:furnace":3,"minecraft:spruce_fence":3,"minecraft:flint_and_steel":1,"minecraft:stone_pickaxe":16,"minecraft:wheat":306,"minecraft:cooked_beef":12,"minecraft:diamond_sword":1,"travelersbackpack:backpack_tank":2,"minecraft:bucket":1,"minecraft:stone_axe":2,"minecraft:bread":104,"minecraft:air":0,"minecraft:wooden_axe":1,"minecraft:iron_shovel":1,"minecraft:iron_leggings":1,"minecraft:white_bed":1,"minecraft:torch":416},"minecraft:broken":{"minecraft:diamond_helmet":1,"minecraft:iron_chestplate":1,"minecraft:stone_pickaxe":4,"minecraft:stone_axe":1,"minecraft:fishing_rod":1,"minecraft:shield":1,"vanillaplustools:stone_hammer":1,"minecraft:iron_pickaxe":2,"vanillaplustools:stone_shovel":2},"minecraft:killed_by":{"minecraft:evoker":1,"minecraft:wither_skeleton":1,"minecraft:zombified_piglin":2,"iceandfire:cyclops":1,"minecraft:creeper":1,"minecraft:pillager":1,"sanitydim:rotting_stalker":1,"minecraft:vindicator":26,"minecraft:zombie":1,"minecraft:vex":4,"minecraft:player":2,"minecraft:skeleton":1},"minecraft:used":{"minecraft:iron_shovel":163,"minecraft:chest":4,"minecraft:shield":32,"soul_like_armors_reworked:darkknightsword":2,"minecraft:obsidian":6,"minecraft:cyan_terracotta":3,"minecraft:item_frame":2,"minecraft:bow":21,"minecraft:sweet_berries":23,"minecraft:furnace":5,"travelersbackpack:purple_sleeping_bag":2,"soul_like_armors_reworked:rustysteelmace":12,"minecraft:diorite":2,"minecraft:stone_pickaxe":603,"minecraft:ender_pearl":1,"minecraft:wooden_pickaxe":23,"minecraft:golden_apple":1,"alexscaves:cave_book":1,"minecraft:crossbow":24,"minecraft:cyan_bed":3,"minecraft:bread":43,"minecraft:melon_slice":12,"minecraft:gravel":10,"minecraft:diamond_sword":332,"minecraft:andesite":11,"minecraft:iron_bars":1,"minecraft:flint_and_steel":1,"minecraft:stone_shovel":32,"minecraft:spruce_planks":353,"vanillaplustools:stone_hammer":127,"soul_like_armors_reworked:estusflask":5,"minecraft:netherrack":438,"minecraft:torch":439,"minecraft:dirt":542,"minecraft:golden_chestplate":1,"minecraft:spruce_fence":3,"minecraft:granite":8,"minecraft:wooden_axe":15,"soul_like_armors_reworked:dagger":2,"minecraft:iron_axe":160,"minecraft:barrel":1,"tombstone:gift":6,"minecraft:cooked_beef":14,"minecraft:cobbled_deepslate":34,"minecraft:cooked_mutton":1,"farmersdelight:iron_knife":26,"minecraft:water_bucket":147,"minecraft:baked_potato":29,"minecraft:brown_mushroom":1,"travelersbackpack:coal":4,"minecraft:fletching_table":1,"farmersdelight:onion":2,"minecraft:crafting_table":15,"vanillaplustools:stone_shovel":264,"minecraft:white_bed":6,"minecraft:spruce_log":1,"minecraft:diamond_pickaxe":612,"minecraft:apple":1,"minecraft:iron_pickaxe":503,"minecraft:spruce_sapling":3,"minecraft:stone_axe":164,"minecraft:fishing_rod":43,"minecraft:cobblestone":208,"travelersbackpack:standard":10,"iceandfire:chared_grass":14,"minecraft:bucket":154,"minecraft:dandelion":1}},"DataVersion":3465}