{"stats":{"minecraft:picked_up":{"minecraft:crafting_table":1,"minecraft:cooked_beef":2,"minecraft:wooden_pickaxe":1,"minecraft:potato":13,"minecraft:shield":1,"minecraft:gunpowder":4,"minecraft:acacia_boat":5,"minecraft:dirt":32,"minecraft:acacia_planks":34,"minecraft:wheat_seeds":4,"minecraft:iron_ingot":3,"minecraft:beef":8,"minecraft:stone_pickaxe":1,"minecraft:iron_pickaxe":2,"minecraft:mangrove_planks":7,"minecraft:mangrove_log":9,"minecraft:book":1,"minecraft:stick":2,"minecraft:raw_iron":14,"minecraft:torch":16,"minecraft:acacia_log":17,"minecraft:white_bed":2,"minecraft:spider_eye":2,"minecraft:arrow":2,"minecraft:rotten_flesh":1,"minecraft:stone_axe":1,"minecraft:granite":9,"minecraft:mangrove_roots":2,"minecraft:emerald":3,"minecraft:mutton":29,"minecraft:mangrove_propagule":1,"minecraft:coal":33,"minecraft:white_wool":23,"minecraft:cobblestone":210},"minecraft:used":{"minecraft:cooked_mutton":7,"minecraft:acacia_boat":6,"minecraft:stone_pickaxe":131,"minecraft:mangrove_planks":3,"minecraft:wooden_pickaxe":29,"minecraft:chest":1,"minecraft:shield":2,"minecraft:rotten_flesh":1,"minecraft:torch":20,"minecraft:crafting_table":5,"minecraft:white_bed":5,"minecraft:granite":1,"minecraft:wooden_axe":39,"minecraft:apple":2,"minecraft:mangrove_propagule":1,"minecraft:iron_pickaxe":3,"minecraft:stone_axe":61,"minecraft:cobblestone":13,"minecraft:furnace":2,"minecraft:cooked_beef":3},"minecraft:crafted":{"minecraft:cooked_beef":4,"minecraft:crafting_table":4,"minecraft:wooden_pickaxe":1,"minecraft:furnace":2,"minecraft:mangrove_planks":36,"minecraft:stone_axe":2,"minecraft:acacia_boat":1,"minecraft:cooked_mutton":7,"minecraft:air":0,"minecraft:shield":1,"minecraft:stick":20,"minecraft:iron_ingot":10,"minecraft:iron_pickaxe":2,"minecraft:stone_pickaxe":1,"minecraft:wooden_axe":1,"minecraft:chest":1,"minecraft:white_bed":3,"minecraft:acacia_planks":68,"minecraft:torch":32},"minecraft:killed_by":{"minecraft:skeleton":1,"minecraft:witch":1},"minecraft:custom":{"minecraft:interact_with_furnace":10,"minecraft:mob_kills":21,"minecraft:interact_with_crafting_table":16,"minecraft:leave_game":2,"minecraft:time_since_death":3301,"minecraft:sleep_in_bed":5,"minecraft:climb_one_cm":1714,"minecraft:time_since_rest":3074,"minecraft:sprint_one_cm":235316,"minecraft:damage_taken":1065,"minecraft:walk_one_cm":85830,"minecraft:damage_blocked_by_shield":150,"minecraft:drop":20,"minecraft:damage_dealt":2974,"minecraft:swim_one_cm":20499,"minecraft:talked_to_villager":1,"minecraft:fly_one_cm":132834,"minecraft:open_chest":4,"minecraft:crouch_one_cm":1575,"minecraft:play_time":50978,"minecraft:sneak_time":486,"minecraft:deaths":2,"minecraft:walk_under_water_one_cm":8584,"minecraft:boat_one_cm":161640,"minecraft:jump":743,"minecraft:walk_on_water_one_cm":6862,"minecraft:total_world_time":50978,"minecraft:fall_one_cm":15769},"minecraft:broken":{"minecraft:stone_pickaxe":1,"minecraft:wooden_axe":1},"minecraft:killed":{"minecraft:witch":1,"minecraft:skeleton":1,"minecraft:sheep":16,"minecraft:zombie":1,"minecraft:cow":2},"minecraft:mined":{"minecraft:acacia_leaves":3,"minecraft:white_bed":3,"minecraft:mangrove_roots":1,"minecraft:crafting_table":1,"minecraft:granite":9,"minecraft:acacia_log":17,"minecraft:grass_block":3,"minecraft:tall_grass":2,"minecraft:mangrove_propagule":1,"minecraft:iron_ore":12,"minecraft:moss_carpet":1,"minecraft:mangrove_leaves":9,"minecraft:grass":17,"minecraft:coal_ore":26,"minecraft:vine":1,"minecraft:dirt":17,"minecraft:mangrove_log":9,"minecraft:stone":106},"minecraft:dropped":{"minecraft:stone_axe":1,"minecraft:wheat_seeds":2,"minecraft:dirt":12,"minecraft:white_wool":5}},"DataVersion":3465}