{"stats":{"minecraft:crafted":{"minecraft:barrel":1,"minecraft:furnace":1,"minecraft:stone_pickaxe":2,"minecraft:chest":2,"minecraft:wheat":306,"minecraft:cooked_beef":12,"minecraft:diamond_sword":1,"minecraft:crafting_table":6,"minecraft:spruce_planks":524,"minecraft:wooden_pickaxe":1,"minecraft:stone_axe":2,"minecraft:bread":99,"minecraft:air":0,"minecraft:diamond_pickaxe":1,"minecraft:shield":1,"minecraft:stick":56,"minecraft:iron_ingot":4,"minecraft:iron_pickaxe":1,"minecraft:wooden_axe":1,"minecraft:gold_ingot":18,"minecraft:iron_leggings":1,"minecraft:torch":160},"minecraft:custom":{"minecraft:mob_kills":12,"minecraft:animals_bred":2,"minecraft:interact_with_crafting_table":19,"minecraft:open_barrel":43,"minecraft:damage_dealt_resisted":0,"minecraft:leave_game":4,"minecraft:time_since_death":18068,"minecraft:climb_one_cm":3000,"minecraft:damage_resisted":0,"minecraft:sprint_one_cm":585203,"minecraft:walk_one_cm":391331,"minecraft:damage_blocked_by_shield":1470,"minecraft:drop":125,"minecraft:talked_to_villager":1,"minecraft:play_time":125677,"minecraft:deaths":37,"minecraft:sneak_time":8750,"minecraft:walk_under_water_one_cm":4724,"minecraft:jump":1332,"minecraft:walk_on_water_one_cm":8511,"minecraft:total_world_time":125677,"minecraft:interact_with_furnace":13,"tombstone:raider_killed":4,"minecraft:sleep_in_bed":2,"minecraft:time_since_rest":17569,"minecraft:damage_taken":12846,"minecraft:trigger_trapped_chest":1,"minecraft:damage_dealt":4652,"minecraft:swim_one_cm":1148,"minecraft:fly_one_cm":171027,"minecraft:open_chest":20,"minecraft:crouch_one_cm":28437,"tombstone:undead_killed":6,"minecraft:fall_one_cm":39325,"minecraft:horse_one_cm":2100},"minecraft:killed_by":{"minecraft:evoker":1,"minecraft:player":1,"minecraft:creeper":1,"minecraft:pillager":1,"minecraft:vindicator":26,"minecraft:skeleton":1,"minecraft:vex":4},"minecraft:picked_up":{"minecraft:wooden_axe":1,"minecraft:crafting_table":3,"minecraft:flower_pot":1,"minecraft:brown_mushroom":2,"minecraft:wooden_pickaxe":1,"minecraft:stone_brick_wall":1,"minecraft:enchanted_book":7,"minecraft:stone_brick_stairs":3,"tombstone:grave_key":1,"minecraft:cornflower":1,"minecraft:string":9,"minecraft:iron_axe":1,"minecraft:item_frame":4,"minecraft:iron_leggings":1,"minecraft:gold_nugget":54,"minecraft:spruce_planks":37,"minecraft:calcite":2,"minecraft:iron_pickaxe":1,"minecraft:spruce_slab":6,"minecraft:melon_slice":88,"minecraft:spruce_trapdoor":8,"minecraft:iron_boots":1,"minecraft:furnace":2,"minecraft:stick":3,"minecraft:raw_iron":6,"apotheosis:gem":10,"minecraft:torch":4,"minecraft:spruce_stairs":1,"tombstone:grave_dust":2,"minecraft:diorite":19,"minecraft:trident":1,"minecraft:purple_terracotta":19,"minecraft:dark_oak_planks":7,"soul_like_armors_reworked:estusflask":2,"minecraft:arrow":2,"minecraft:rotten_flesh":14,"minecraft:hay_block":34,"minecraft:cyan_terracotta":5,"minecraft:totem_of_undying":1,"minecraft:mutton":2,"minecraft:cobblestone":62,"minecraft:iron_bars":1,"minecraft:snowball":9,"minecraft:white_wool":2,"minecraft:andesite":35,"minecraft:cobblestone_wall":8,"minecraft:magenta_terracotta":17,"minecraft:dirt":14,"tombstone:gift":1,"minecraft:cooked_mutton":1,"minecraft:bone":4,"soul_like_armors_reworked:rustyshield":1,"minecraft:stone_bricks":10,"minecraft:wheat_seeds":2,"minecraft:raw_gold":3,"minecraft:spruce_wood":45,"minecraft:iron_ingot":1,"minecraft:mossy_stone_bricks":1,"minecraft:diamond_helmet":1,"minecraft:book":18,"minecraft:dark_oak_slab":1,"minecraft:sweet_berries":16,"minecraft:gravel":1,"minecraft:spruce_sapling":5,"travelersbackpack:purple_sleeping_bag":1,"minecraft:cyan_bed":5,"minecraft:spruce_log":116,"minecraft:lily_of_the_valley":1,"soul_like_armors_reworked:rustysteelmace":1,"minecraft:trapped_chest":1,"minecraft:light_gray_concrete":2,"minecraft:granite":8,"minecraft:emerald":1,"minecraft:coal":96},"minecraft:mined":{"minecraft:dark_oak_planks":10,"minecraft:spruce_planks":13,"minecraft:black_terracotta":7,"minecraft:granite":8,"minecraft:purple_terracotta":24,"minecraft:grass_block":8,"minecraft:spruce_leaves":34,"minecraft:large_fern":1,"minecraft:hay_block":34,"minecraft:furnace":2,"minecraft:iron_ore":7,"minecraft:fire":1,"minecraft:andesite":35,"minecraft:bookshelf":4,"minecraft:iron_bars":1,"minecraft:light_gray_concrete":2,"minecraft:spruce_wood":59,"minecraft:stone":59,"minecraft:gray_terracotta":3,"minecraft:brown_mushroom":1,"minecraft:cyan_terracotta":7,"minecraft:crafting_table":2,"minecraft:melon":9,"minecraft:tall_grass":2,"minecraft:cyan_bed":5,"minecraft:bricks":8,"minecraft:diorite":20,"minecraft:wall_torch":1,"minecraft:purple_wool":2,"minecraft:black_stained_glass":6,"minecraft:dark_oak_slab":1,"minecraft:magenta_terracotta":16,"minecraft:sweet_berry_bush":7,"minecraft:ice":4,"minecraft:spruce_log":89,"minecraft:stone_brick_stairs":1,"minecraft:grass":1,"minecraft:coal_ore":55,"minecraft:gravel":1,"minecraft:dirt":7,"minecraft:cobweb":21,"minecraft:stone_bricks":20,"minecraft:mossy_stone_bricks":1,"minecraft:gold_ore":3,"minecraft:fern":1},"minecraft:used":{"minecraft:iron_bars":1,"minecraft:chest":2,"minecraft:spruce_planks":327,"minecraft:shield":19,"soul_like_armors_reworked:estusflask":2,"minecraft:torch":148,"minecraft:dirt":10,"minecraft:granite":8,"minecraft:wooden_axe":15,"soul_like_armors_reworked:dagger":2,"minecraft:cyan_terracotta":3,"minecraft:iron_axe":61,"minecraft:barrel":1,"minecraft:item_frame":2,"minecraft:sweet_berries":23,"minecraft:furnace":3,"tombstone:gift":2,"soul_like_armors_reworked:rustysteelmace":12,"minecraft:cooked_mutton":1,"minecraft:stone_pickaxe":179,"minecraft:wooden_pickaxe":23,"minecraft:brown_mushroom":1,"minecraft:crafting_table":9,"minecraft:spruce_log":1,"minecraft:iron_pickaxe":110,"minecraft:bread":23,"minecraft:cyan_bed":3,"minecraft:melon_slice":12,"minecraft:spruce_sapling":3,"minecraft:stone_axe":164,"minecraft:diamond_sword":114,"minecraft:cobblestone":29},"minecraft:broken":{"minecraft:stone_pickaxe":1,"minecraft:stone_axe":1},"minecraft:killed":{"minecraft:spider":1,"minecraft:vindicator":2,"minecraft:skeleton":1,"minecraft:sheep":1,"minecraft:pillager":2,"minecraft:zombie":4,"minecraft:stray":1},"minecraft:dropped":{"minecraft:bread":64,"minecraft:purple_terracotta":3,"minecraft:wheat_seeds":2,"minecraft:dark_oak_slab":1,"minecraft:iron_helmet":1,"minecraft:stick":2,"tombstone:grave_key":3,"minecraft:wooden_axe":1,"minecraft:melon_slice":38,"tombstone:grave_dust":2,"minecraft:spruce_sapling":1,"minecraft:bone":4,"minecraft:gravel":1,"minecraft:cobblestone_wall":3,"soul_like_armors_reworked:rustyshield":1,"minecraft:flower_pot":3,"minecraft:spruce_planks":53,"minecraft:andesite":35,"minecraft:mossy_stone_bricks":1,"minecraft:stone_bricks":2,"minecraft:wooden_pickaxe":1,"minecraft:cyan_bed":2,"minecraft:magenta_terracotta":4}},"DataVersion":3465}