{"stats":{"minecraft:crafted":{"minecraft:barrel":1,"vanillaplustools:stone_hammer":1,"minecraft:furnace":2,"minecraft:stone_pickaxe":12,"minecraft:chest":3,"minecraft:wheat":306,"minecraft:cooked_beef":12,"minecraft:diamond_sword":1,"minecraft:crafting_table":9,"minecraft:spruce_planks":524,"minecraft:wooden_pickaxe":1,"minecraft:bucket":1,"minecraft:stone_axe":2,"minecraft:bread":99,"minecraft:air":0,"minecraft:diamond_pickaxe":1,"minecraft:shield":1,"minecraft:stick":92,"minecraft:iron_ingot":11,"minecraft:iron_pickaxe":1,"minecraft:wooden_axe":1,"minecraft:gold_ingot":18,"minecraft:iron_leggings":1,"minecraft:white_bed":1,"minecraft:torch":224},"minecraft:custom":{"minecraft:mob_kills":17,"minecraft:animals_bred":2,"minecraft:interact_with_crafting_table":25,"minecraft:open_barrel":43,"minecraft:damage_dealt_resisted":0,"minecraft:leave_game":4,"minecraft:time_since_death":42068,"minecraft:climb_one_cm":3000,"minecraft:damage_resisted":0,"minecraft:sprint_one_cm":663766,"minecraft:walk_one_cm":452559,"minecraft:damage_blocked_by_shield":1470,"minecraft:drop":160,"minecraft:talked_to_villager":1,"minecraft:play_time":149677,"minecraft:deaths":37,"minecraft:sneak_time":9029,"minecraft:walk_under_water_one_cm":5070,"minecraft:jump":1475,"minecraft:walk_on_water_one_cm":8897,"minecraft:total_world_time":149677,"minecraft:interact_with_furnace":17,"tombstone:raider_killed":4,"minecraft:sleep_in_bed":4,"minecraft:time_since_rest":4660,"minecraft:damage_taken":12996,"tombstone:sneak_grave":1,"minecraft:trigger_trapped_chest":1,"minecraft:damage_dealt":5177,"minecraft:swim_one_cm":6975,"minecraft:fly_one_cm":187119,"minecraft:open_chest":27,"minecraft:crouch_one_cm":29621,"tombstone:undead_killed":8,"minecraft:fall_one_cm":45746,"minecraft:horse_one_cm":2100},"minecraft:killed_by":{"minecraft:evoker":1,"minecraft:player":1,"minecraft:creeper":1,"minecraft:pillager":1,"minecraft:vindicator":26,"minecraft:skeleton":1,"minecraft:vex":4},"minecraft:picked_up":{"minecraft:wooden_axe":1,"minecraft:crafting_table":3,"minecraft:flower_pot":1,"minecraft:brown_mushroom":2,"minecraft:wooden_pickaxe":1,"minecraft:stone_brick_wall":1,"minecraft:enchanted_book":7,"soul_like_armors_reworked:darkknightsword":1,"minecraft:stone_brick_stairs":3,"tombstone:grave_key":1,"minecraft:cornflower":1,"minecraft:string":10,"minecraft:raw_copper":6,"minecraft:iron_axe":1,"minecraft:item_frame":4,"minecraft:iron_leggings":1,"minecraft:gold_nugget":68,"minecraft:spruce_planks":37,"minecraft:calcite":2,"minecraft:iron_pickaxe":1,"minecraft:spruce_slab":6,"minecraft:melon_slice":88,"minecraft:spruce_trapdoor":8,"minecraft:iron_boots":1,"minecraft:furnace":3,"iceandfire:dragonbone":7,"iceandfire:dragonscales_gray":25,"minecraft:stick":3,"minecraft:raw_iron":36,"apotheosis:gem":10,"iceandfire:chared_grass":14,"minecraft:torch":9,"minecraft:spruce_stairs":1,"tombstone:grave_dust":2,"minecraft:diorite":19,"minecraft:trident":1,"minecraft:purple_terracotta":19,"minecraft:dark_oak_planks":7,"soul_like_armors_reworked:estusflask":2,"minecraft:arrow":2,"minecraft:rotten_flesh":15,"minecraft:hay_block":34,"iceandfire:fire_dragon_heart":1,"create:asurine":1,"minecraft:cyan_terracotta":5,"minecraft:totem_of_undying":1,"minecraft:mutton":7,"minecraft:cobblestone":639,"minecraft:iron_bars":1,"minecraft:snowball":9,"minecraft:white_wool":5,"minecraft:andesite":35,"minecraft:flint":3,"create:raw_zinc":2,"minecraft:cobblestone_wall":8,"minecraft:magenta_terracotta":17,"minecraft:dirt":15,"tombstone:gift":1,"minecraft:cooked_mutton":1,"minecraft:bone":4,"soul_like_armors_reworked:rustyshield":1,"minecraft:stone_bricks":10,"minecraft:wheat_seeds":2,"minecraft:raw_gold":3,"minecraft:spruce_wood":45,"minecraft:iron_ingot":2,"minecraft:mossy_stone_bricks":1,"minecraft:diamond_helmet":1,"iceandfire:fire_dragon_flesh":1,"minecraft:book":18,"minecraft:dark_oak_slab":1,"minecraft:sweet_berries":16,"iceandfire:dragon_skull_fire":1,"minecraft:gravel":46,"minecraft:white_bed":2,"minecraft:spruce_sapling":5,"travelersbackpack:purple_sleeping_bag":1,"minecraft:cyan_bed":5,"minecraft:spruce_log":116,"minecraft:lily_of_the_valley":1,"soul_like_armors_reworked:rustysteelmace":1,"minecraft:trapped_chest":1,"minecraft:light_gray_concrete":2,"minecraft:granite":10,"minecraft:emerald":1,"minecraft:coal":154,"iceandfire:raw_silver":4},"minecraft:mined":{"minecraft:dark_oak_planks":10,"create:zinc_ore":2,"minecraft:spruce_planks":13,"minecraft:white_bed":2,"iceandfire:silver_ore":4,"minecraft:black_terracotta":7,"minecraft:granite":11,"minecraft:purple_terracotta":24,"minecraft:grass_block":9,"minecraft:spruce_leaves":34,"minecraft:large_fern":1,"minecraft:hay_block":34,"minecraft:furnace":3,"minecraft:iron_ore":37,"minecraft:fire":1,"minecraft:andesite":35,"create:asurine":1,"minecraft:bookshelf":4,"minecraft:iron_bars":1,"minecraft:light_gray_concrete":2,"minecraft:spruce_wood":59,"minecraft:stone":641,"minecraft:gray_terracotta":3,"minecraft:brown_mushroom":1,"minecraft:cyan_terracotta":7,"minecraft:crafting_table":2,"minecraft:torch":3,"minecraft:melon":9,"minecraft:copper_ore":2,"minecraft:tall_grass":2,"minecraft:cyan_bed":5,"minecraft:bricks":8,"minecraft:diorite":20,"minecraft:wall_torch":1,"minecraft:purple_wool":2,"minecraft:black_stained_glass":6,"minecraft:dark_oak_slab":1,"minecraft:magenta_terracotta":16,"minecraft:sweet_berry_bush":7,"minecraft:ice":4,"minecraft:spruce_log":89,"minecraft:stone_brick_stairs":1,"minecraft:grass":2,"minecraft:coal_ore":80,"minecraft:gravel":22,"minecraft:dirt":7,"minecraft:cobweb":22,"minecraft:stone_bricks":20,"minecraft:mossy_stone_bricks":1,"minecraft:gold_ore":3,"minecraft:fern":1},"minecraft:used":{"minecraft:iron_bars":1,"minecraft:chest":3,"minecraft:spruce_planks":327,"minecraft:shield":19,"vanillaplustools:stone_hammer":68,"soul_like_armors_reworked:darkknightsword":2,"soul_like_armors_reworked:estusflask":2,"minecraft:torch":201,"minecraft:dirt":10,"minecraft:granite":8,"minecraft:wooden_axe":15,"soul_like_armors_reworked:dagger":2,"minecraft:cyan_terracotta":3,"minecraft:iron_axe":61,"minecraft:barrel":1,"minecraft:item_frame":2,"minecraft:sweet_berries":23,"minecraft:furnace":4,"tombstone:gift":4,"minecraft:cooked_beef":1,"soul_like_armors_reworked:rustysteelmace":12,"minecraft:cooked_mutton":1,"minecraft:stone_pickaxe":179,"minecraft:wooden_pickaxe":23,"minecraft:brown_mushroom":1,"minecraft:crafting_table":12,"minecraft:white_bed":2,"minecraft:spruce_log":1,"minecraft:iron_pickaxe":251,"minecraft:bread":29,"minecraft:cyan_bed":3,"minecraft:melon_slice":12,"minecraft:spruce_sapling":3,"minecraft:stone_axe":164,"minecraft:diamond_sword":123,"minecraft:cobblestone":33,"iceandfire:chared_grass":14},"minecraft:broken":{"minecraft:stone_pickaxe":1,"minecraft:stone_axe":1},"minecraft:killed":{"minecraft:spider":1,"minecraft:vindicator":2,"minecraft:skeleton":1,"minecraft:sheep":4,"minecraft:pillager":2,"minecraft:zombie":6,"minecraft:stray":1},"minecraft:dropped":{"minecraft:bread":64,"minecraft:purple_terracotta":3,"minecraft:wheat_seeds":2,"minecraft:dark_oak_slab":1,"minecraft:iron_helmet":1,"iceandfire:fire_dragon_flesh":1,"minecraft:stick":2,"tombstone:grave_key":3,"minecraft:wooden_axe":1,"minecraft:melon_slice":38,"tombstone:grave_dust":2,"iceandfire:dragon_skull_fire":1,"iceandfire:dragonbone":7,"minecraft:spruce_sapling":1,"minecraft:bone":4,"minecraft:gravel":1,"iceandfire:dragonscales_gray":25,"minecraft:cobblestone_wall":3,"soul_like_armors_reworked:rustyshield":1,"minecraft:flower_pot":3,"minecraft:spruce_planks":53,"minecraft:andesite":35,"minecraft:mossy_stone_bricks":1,"minecraft:stone_bricks":2,"iceandfire:fire_dragon_heart":1,"minecraft:wooden_pickaxe":1,"minecraft:cyan_bed":2,"minecraft:magenta_terracotta":4}},"DataVersion":3465}