{"stats":{"minecraft:crafted":{"minecraft:stone_shovel":18,"minecraft:barrel":1,"vanillaplustools:stone_hammer":1,"minecraft:furnace":2,"minecraft:spruce_fence":3,"minecraft:flint_and_steel":1,"minecraft:stone_pickaxe":12,"minecraft:chest":3,"vanillaplustools:stone_shovel":2,"minecraft:wheat":306,"minecraft:cooked_beef":12,"minecraft:diamond_sword":1,"minecraft:crafting_table":9,"minecraft:spruce_planks":524,"minecraft:wooden_pickaxe":1,"minecraft:bucket":1,"minecraft:stone_axe":2,"minecraft:bread":99,"minecraft:air":0,"minecraft:diamond_pickaxe":1,"minecraft:shield":1,"minecraft:stick":144,"minecraft:iron_ingot":11,"minecraft:iron_pickaxe":1,"minecraft:wooden_axe":1,"minecraft:iron_leggings":1,"minecraft:gold_ingot":18,"minecraft:white_bed":1,"minecraft:torch":256},"minecraft:custom":{"minecraft:mob_kills":20,"minecraft:animals_bred":2,"minecraft:interact_with_crafting_table":30,"minecraft:open_barrel":45,"minecraft:damage_dealt_resisted":0,"minecraft:leave_game":5,"minecraft:time_since_death":49934,"minecraft:climb_one_cm":3192,"minecraft:damage_resisted":0,"minecraft:sprint_one_cm":851810,"minecraft:walk_one_cm":611378,"minecraft:damage_blocked_by_shield":1470,"minecraft:drop":414,"minecraft:talked_to_villager":1,"minecraft:play_time":220345,"minecraft:deaths":38,"minecraft:sneak_time":14416,"minecraft:walk_under_water_one_cm":30723,"minecraft:jump":2143,"minecraft:walk_on_water_one_cm":21248,"minecraft:total_world_time":220345,"minecraft:interact_with_furnace":21,"tombstone:raider_killed":4,"minecraft:interact_with_loom":2,"minecraft:sleep_in_bed":8,"minecraft:time_since_rest":45113,"minecraft:damage_taken":14166,"minecraft:damage_absorbed":11,"minecraft:trigger_trapped_chest":1,"tombstone:sneak_grave":1,"minecraft:damage_dealt":6884,"minecraft:swim_one_cm":19597,"minecraft:fly_one_cm":247523,"minecraft:open_chest":65,"minecraft:crouch_one_cm":40832,"tombstone:undead_killed":10,"minecraft:fall_one_cm":62306,"minecraft:horse_one_cm":2100},"minecraft:killed_by":{"minecraft:evoker":1,"minecraft:player":1,"iceandfire:cyclops":1,"minecraft:creeper":1,"minecraft:pillager":1,"minecraft:vindicator":26,"minecraft:skeleton":1,"minecraft:vex":4},"minecraft:picked_up":{"minecraft:wooden_axe":1,"minecraft:crafting_table":3,"minecraft:lead":1,"minecraft:flower_pot":1,"minecraft:brown_mushroom":2,"minecraft:wooden_pickaxe":1,"minecraft:stone_brick_wall":1,"minecraft:enchanted_book":7,"soul_like_armors_reworked:darkknightsword":1,"minecraft:stone_brick_stairs":3,"tombstone:grave_key":1,"minecraft:amethyst_block":79,"minecraft:string":14,"minecraft:cornflower":1,"minecraft:oak_trapdoor":9,"minecraft:raw_copper":30,"minecraft:iron_axe":1,"minecraft:iron_leggings":1,"minecraft:item_frame":4,"minecraft:gold_nugget":103,"minecraft:spruce_planks":37,"minecraft:calcite":2,"minecraft:poppy":2,"minecraft:iron_pickaxe":1,"minecraft:spruce_slab":6,"minecraft:melon_slice":88,"minecraft:coal_block":2,"minecraft:spruce_trapdoor":8,"minecraft:iron_boots":1,"minecraft:furnace":3,"minecraft:stick":3,"minecraft:raw_iron":38,"iceandfire:dragonbone":7,"apotheosis:gem":10,"iceandfire:dragonscales_gray":25,"minecraft:torch":15,"iceandfire:chared_grass":14,"minecraft:spruce_stairs":1,"tombstone:grave_dust":3,"minecraft:diorite":34,"minecraft:trident":1,"minecraft:purple_terracotta":19,"minecraft:dark_oak_planks":7,"soul_like_armors_reworked:estusflask":2,"minecraft:arrow":2,"minecraft:rotten_flesh":16,"minecraft:hay_block":34,"alexscaves:spelunkery_table":1,"iceandfire:fire_dragon_heart":1,"create:asurine":2,"minecraft:cyan_terracotta":5,"create:veridium":2,"minecraft:totem_of_undying":1,"minecraft:obsidian":6,"minecraft:mutton":7,"minecraft:iron_bars":1,"minecraft:snowball":9,"minecraft:white_wool":5,"minecraft:cobblestone":1024,"minecraft:cooked_beef":2,"minecraft:andesite":53,"minecraft:flint":4,"create:raw_zinc":2,"minecraft:cobblestone_wall":8,"minecraft:lapis_lazuli":36,"minecraft:magenta_terracotta":17,"minecraft:dirt":1071,"tombstone:gift":1,"minecraft:cooked_mutton":1,"minecraft:bone":4,"soul_like_armors_reworked:rustyshield":1,"minecraft:stone_bricks":10,"minecraft:wheat_seeds":3,"minecraft:raw_gold":3,"minecraft:spruce_wood":45,"minecraft:iron_ingot":2,"minecraft:mossy_stone_bricks":1,"minecraft:diamond_helmet":1,"iceandfire:fire_dragon_flesh":1,"minecraft:book":24,"minecraft:oak_slab":1,"minecraft:dark_oak_slab":1,"minecraft:sweet_berries":16,"minecraft:quartz":20,"minecraft:gravel":55,"iceandfire:dragon_skull_fire":1,"minecraft:spruce_sapling":5,"minecraft:cyan_bed":5,"minecraft:white_bed":4,"minecraft:spruce_log":116,"minecraft:lily_of_the_valley":1,"travelersbackpack:purple_sleeping_bag":2,"soul_like_armors_reworked:rustysteelmace":1,"minecraft:trapped_chest":1,"minecraft:light_gray_concrete":2,"minecraft:granite":18,"minecraft:golden_apple":1,"minecraft:emerald":1,"minecraft:netherrack":187,"minecraft:coal":185,"iceandfire:raw_silver":11,"minecraft:ender_pearl":1},"minecraft:mined":{"minecraft:dark_oak_planks":10,"create:zinc_ore":2,"minecraft:nether_gold_ore":9,"alexscaves:spelunkery_table":1,"minecraft:spruce_planks":13,"minecraft:white_bed":4,"iceandfire:silver_ore":11,"minecraft:black_terracotta":7,"minecraft:obsidian":6,"minecraft:budding_amethyst":13,"minecraft:granite":20,"minecraft:purple_terracotta":24,"minecraft:chiseled_bookshelf":1,"minecraft:grass_block":276,"minecraft:coal_block":2,"minecraft:spruce_leaves":34,"minecraft:large_fern":1,"minecraft:hay_block":34,"minecraft:oak_trapdoor":13,"minecraft:furnace":3,"minecraft:iron_ore":39,"minecraft:fire":1,"minecraft:andesite":61,"create:asurine":1,"minecraft:bookshelf":6,"minecraft:iron_bars":1,"minecraft:light_gray_concrete":2,"minecraft:stripped_oak_log":5,"minecraft:spruce_wood":59,"minecraft:stone":1044,"create:veridium":2,"minecraft:oak_slab":1,"minecraft:gray_terracotta":3,"minecraft:brown_mushroom":1,"minecraft:cyan_terracotta":7,"minecraft:oak_fence":5,"minecraft:crafting_table":2,"minecraft:torch":3,"minecraft:calcite":10,"minecraft:melon":9,"minecraft:nether_quartz_ore":20,"minecraft:copper_ore":9,"minecraft:tall_grass":2,"minecraft:cobblestone":1,"minecraft:lapis_ore":6,"minecraft:cyan_bed":5,"minecraft:bricks":8,"minecraft:diorite":29,"minecraft:wall_torch":2,"minecraft:amethyst_block":116,"minecraft:purple_wool":2,"minecraft:black_stained_glass":6,"minecraft:dark_oak_slab":1,"minecraft:magenta_terracotta":16,"minecraft:sweet_berry_bush":7,"minecraft:ice":4,"minecraft:spruce_log":89,"minecraft:stone_brick_stairs":1,"minecraft:grass":5,"minecraft:coal_ore":111,"minecraft:gravel":32,"minecraft:dirt":949,"minecraft:cobweb":22,"minecraft:stone_bricks":20,"minecraft:netherrack":190,"minecraft:mossy_stone_bricks":1,"minecraft:gold_ore":3,"travelersbackpack:purple_sleeping_bag":1,"minecraft:fern":1},"minecraft:used":{"minecraft:iron_bars":1,"minecraft:flint_and_steel":1,"minecraft:chest":3,"minecraft:spruce_planks":327,"minecraft:shield":19,"minecraft:netherrack":16,"soul_like_armors_reworked:estusflask":2,"soul_like_armors_reworked:darkknightsword":2,"vanillaplustools:stone_hammer":127,"minecraft:torch":243,"minecraft:dirt":219,"minecraft:spruce_fence":3,"minecraft:granite":8,"minecraft:obsidian":6,"minecraft:wooden_axe":15,"soul_like_armors_reworked:dagger":2,"minecraft:cyan_terracotta":3,"minecraft:iron_axe":111,"minecraft:barrel":1,"minecraft:item_frame":2,"minecraft:sweet_berries":23,"minecraft:furnace":4,"travelersbackpack:purple_sleeping_bag":1,"tombstone:gift":6,"minecraft:cooked_beef":7,"soul_like_armors_reworked:rustysteelmace":12,"minecraft:cooked_mutton":1,"minecraft:water_bucket":41,"minecraft:stone_pickaxe":179,"minecraft:ender_pearl":1,"minecraft:wooden_pickaxe":23,"minecraft:brown_mushroom":1,"minecraft:golden_apple":1,"minecraft:crafting_table":12,"alexscaves:cave_book":1,"vanillaplustools:stone_shovel":264,"minecraft:white_bed":5,"minecraft:spruce_log":1,"minecraft:diamond_pickaxe":131,"minecraft:iron_pickaxe":503,"minecraft:bread":37,"minecraft:cyan_bed":3,"minecraft:melon_slice":12,"minecraft:gravel":9,"minecraft:spruce_sapling":3,"minecraft:stone_axe":164,"minecraft:diamond_sword":160,"minecraft:cobblestone":173,"iceandfire:chared_grass":14,"minecraft:bucket":42},"minecraft:broken":{"minecraft:iron_chestplate":1,"minecraft:stone_pickaxe":1,"vanillaplustools:stone_hammer":1,"minecraft:stone_axe":1,"minecraft:iron_pickaxe":2,"vanillaplustools:stone_shovel":2},"minecraft:killed":{"minecraft:spider":1,"minecraft:vindicator":2,"minecraft:skeleton":2,"minecraft:sheep":4,"minecraft:pillager":2,"minecraft:zombie":7,"minecraft:stray":1,"minecraft:enderman":1},"minecraft:dropped":{"minecraft:bread":64,"minecraft:purple_terracotta":3,"minecraft:wheat_seeds":2,"minecraft:dark_oak_slab":1,"minecraft:iron_helmet":1,"minecraft:cobblestone":71,"iceandfire:fire_dragon_flesh":1,"alexscaves:spelunkery_table":1,"minecraft:granite":2,"minecraft:stick":2,"minecraft:dirt":402,"minecraft:diorite":9,"tombstone:grave_key":3,"minecraft:wooden_axe":1,"minecraft:melon_slice":38,"tombstone:grave_dust":2,"minecraft:gold_nugget":35,"minecraft:string":1,"create:raw_zinc":2,"iceandfire:dragon_skull_fire":1,"minecraft:spruce_sapling":1,"iceandfire:dragonbone":7,"minecraft:bone":4,"minecraft:gravel":1,"iceandfire:dragonscales_gray":25,"minecraft:oak_trapdoor":9,"minecraft:cobblestone_wall":3,"minecraft:raw_copper":6,"alexscaves:cave_tablet":4,"minecraft:rotten_flesh":1,"create:asurine":2,"soul_like_armors_reworked:rustyshield":1,"minecraft:flower_pot":3,"alexscaves:cave_book":1,"create:veridium":2,"minecraft:spruce_planks":53,"minecraft:andesite":35,"minecraft:mossy_stone_bricks":1,"minecraft:stone_bricks":2,"iceandfire:fire_dragon_heart":1,"minecraft:wooden_pickaxe":1,"minecraft:quartz":20,"minecraft:cyan_bed":2,"minecraft:netherrack":171,"minecraft:magenta_terracotta":4}},"DataVersion":3465}