{"stats":{"minecraft:custom":{"minecraft:time_since_rest":154,"minecraft:crouch_one_cm":46,"minecraft:damage_taken":3070,"minecraft:play_time":6314,"minecraft:sprint_one_cm":23664,"minecraft:walk_one_cm":26636,"minecraft:deaths":9,"minecraft:sneak_time":8,"minecraft:walk_under_water_one_cm":2561,"minecraft:drop":3,"minecraft:jump":57,"minecraft:damage_dealt":183,"minecraft:leave_game":3,"minecraft:time_since_death":348,"minecraft:walk_on_water_one_cm":399,"minecraft:total_world_time":6314,"minecraft:swim_one_cm":1148,"minecraft:fall_one_cm":2126,"minecraft:fly_one_cm":5241},"minecraft:killed_by":{"minecraft:vindicator":5,"minecraft:skeleton":1,"minecraft:creeper":1,"minecraft:player":1,"minecraft:pillager":1},"minecraft:picked_up":{"minecraft:rotten_flesh":6,"minecraft:brown_mushroom":1,"minecraft:wheat_seeds":2,"minecraft:spruce_wood":2,"minecraft:calcite":2,"minecraft:spruce_log":2,"minecraft:mutton":1,"minecraft:white_wool":1},"minecraft:mined":{"minecraft:spruce_wood":2,"minecraft:spruce_leaves":1,"minecraft:spruce_log":2},"minecraft:used":{"soul_like_armors_reworked:dagger":2,"minecraft:spruce_log":1},"minecraft:dropped":{"minecraft:wheat_seeds":2,"tombstone:grave_key":1}},"DataVersion":3465}