{"stats":{"minecraft:crafted":{"minecraft:furnace":1,"minecraft:stone_pickaxe":2,"minecraft:wheat":297,"minecraft:diamond_sword":1,"minecraft:crafting_table":5,"minecraft:spruce_planks":352,"minecraft:wooden_pickaxe":1,"minecraft:stone_axe":2,"minecraft:bread":99,"minecraft:air":0,"minecraft:diamond_pickaxe":1,"minecraft:shield":1,"minecraft:stick":56,"minecraft:iron_ingot":4,"minecraft:iron_pickaxe":1,"minecraft:wooden_axe":1,"minecraft:iron_leggings":1,"minecraft:torch":160},"minecraft:custom":{"minecraft:mob_kills":7,"minecraft:interact_with_crafting_table":15,"minecraft:open_barrel":27,"minecraft:damage_dealt_resisted":0,"minecraft:leave_game":3,"minecraft:time_since_death":5483,"minecraft:climb_one_cm":2208,"minecraft:damage_resisted":0,"minecraft:sprint_one_cm":368177,"minecraft:walk_one_cm":273964,"minecraft:damage_blocked_by_shield":1020,"minecraft:drop":118,"minecraft:play_time":88261,"minecraft:deaths":35,"minecraft:sneak_time":6812,"minecraft:walk_under_water_one_cm":4360,"minecraft:jump":875,"minecraft:walk_on_water_one_cm":8248,"minecraft:total_world_time":88261,"minecraft:interact_with_furnace":7,"tombstone:raider_killed":4,"minecraft:time_since_rest":5164,"minecraft:damage_taken":11591,"minecraft:damage_dealt":3504,"minecraft:swim_one_cm":1148,"minecraft:fly_one_cm":120178,"minecraft:open_chest":11,"minecraft:crouch_one_cm":23675,"tombstone:undead_killed":2,"minecraft:fall_one_cm":24179},"minecraft:killed_by":{"minecraft:evoker":1,"minecraft:player":1,"minecraft:creeper":1,"minecraft:pillager":1,"minecraft:vindicator":26,"minecraft:skeleton":1,"minecraft:vex":4},"minecraft:picked_up":{"minecraft:wooden_axe":1,"minecraft:crafting_table":3,"minecraft:brown_mushroom":2,"minecraft:wooden_pickaxe":1,"tombstone:grave_key":1,"minecraft:string":5,"minecraft:iron_axe":1,"minecraft:spruce_planks":25,"minecraft:calcite":2,"minecraft:melon_slice":50,"minecraft:furnace":2,"minecraft:raw_iron":6,"minecraft:stick":3,"minecraft:torch":4,"minecraft:diorite":19,"minecraft:purple_terracotta":10,"minecraft:dark_oak_planks":7,"soul_like_armors_reworked:estusflask":2,"minecraft:arrow":2,"minecraft:rotten_flesh":14,"minecraft:hay_block":33,"minecraft:cyan_terracotta":5,"minecraft:totem_of_undying":1,"minecraft:cobblestone":62,"minecraft:mutton":2,"minecraft:snowball":9,"minecraft:iron_bars":1,"minecraft:white_wool":2,"minecraft:andesite":35,"minecraft:magenta_terracotta":17,"minecraft:dirt":10,"tombstone:gift":1,"minecraft:cooked_mutton":1,"minecraft:bone":4,"soul_like_armors_reworked:rustyshield":1,"minecraft:stone_bricks":4,"minecraft:wheat_seeds":2,"minecraft:raw_gold":3,"minecraft:spruce_wood":24,"minecraft:iron_ingot":1,"minecraft:mossy_stone_bricks":1,"minecraft:diamond_helmet":1,"minecraft:dark_oak_slab":1,"minecraft:sweet_berries":16,"minecraft:gravel":1,"minecraft:spruce_sapling":4,"minecraft:spruce_log":73,"minecraft:cyan_bed":4,"soul_like_armors_reworked:rustysteelmace":1,"minecraft:light_gray_concrete":2,"minecraft:granite":8,"minecraft:emerald":1,"minecraft:coal":94},"minecraft:mined":{"minecraft:dark_oak_planks":9,"minecraft:spruce_planks":8,"minecraft:black_terracotta":7,"minecraft:granite":8,"minecraft:purple_terracotta":14,"minecraft:grass_block":7,"minecraft:spruce_leaves":19,"minecraft:large_fern":1,"minecraft:hay_block":33,"minecraft:furnace":2,"minecraft:iron_ore":7,"minecraft:fire":1,"minecraft:andesite":35,"minecraft:iron_bars":1,"minecraft:light_gray_concrete":2,"minecraft:spruce_wood":35,"minecraft:stone":59,"minecraft:gray_terracotta":3,"minecraft:brown_mushroom":1,"minecraft:cyan_terracotta":7,"minecraft:crafting_table":2,"minecraft:melon":9,"minecraft:cyan_bed":4,"minecraft:diorite":20,"minecraft:wall_torch":1,"minecraft:purple_wool":2,"minecraft:black_stained_glass":6,"minecraft:dark_oak_slab":1,"minecraft:sweet_berry_bush":7,"minecraft:magenta_terracotta":13,"minecraft:spruce_log":66,"minecraft:stone_brick_stairs":1,"minecraft:grass":1,"minecraft:coal_ore":53,"minecraft:gravel":1,"minecraft:dirt":7,"minecraft:cobweb":13,"minecraft:stone_bricks":20,"minecraft:mossy_stone_bricks":1,"minecraft:gold_ore":3,"minecraft:fern":1},"minecraft:used":{"minecraft:iron_bars":1,"minecraft:spruce_planks":202,"minecraft:shield":12,"soul_like_armors_reworked:estusflask":2,"minecraft:torch":107,"minecraft:dirt":10,"minecraft:granite":8,"minecraft:wooden_axe":15,"soul_like_armors_reworked:dagger":2,"minecraft:cyan_terracotta":3,"minecraft:iron_axe":1,"minecraft:sweet_berries":23,"minecraft:furnace":2,"tombstone:gift":2,"soul_like_armors_reworked:rustysteelmace":12,"minecraft:cooked_mutton":1,"minecraft:stone_pickaxe":175,"minecraft:wooden_pickaxe":23,"minecraft:brown_mushroom":1,"minecraft:crafting_table":8,"minecraft:spruce_log":1,"minecraft:melon_slice":12,"minecraft:bread":6,"minecraft:iron_pickaxe":87,"minecraft:spruce_sapling":3,"minecraft:stone_axe":164,"minecraft:diamond_sword":66,"minecraft:cobblestone":29},"minecraft:broken":{"minecraft:stone_pickaxe":1,"minecraft:stone_axe":1},"minecraft:killed":{"minecraft:vindicator":2,"minecraft:skeleton":1,"minecraft:sheep":1,"minecraft:pillager":2,"minecraft:zombie":1},"minecraft:dropped":{"minecraft:bread":64,"minecraft:purple_terracotta":3,"minecraft:wheat_seeds":2,"minecraft:dark_oak_slab":1,"minecraft:iron_helmet":1,"minecraft:stick":2,"tombstone:grave_key":3,"minecraft:wooden_axe":1,"minecraft:bone":4,"minecraft:gravel":1,"minecraft:spruce_planks":53,"minecraft:andesite":35,"minecraft:mossy_stone_bricks":1,"minecraft:stone_bricks":2,"minecraft:wooden_pickaxe":1,"minecraft:cyan_bed":1,"minecraft:magenta_terracotta":4}},"DataVersion":3465}