{"stats":{"minecraft:crafted":{"minecraft:stick":16,"minecraft:wooden_pickaxe":1,"minecraft:mangrove_planks":32},"minecraft:custom":{"minecraft:time_since_rest":1,"minecraft:interact_with_smithing_table":1,"minecraft:sprint_one_cm":46826,"minecraft:damage_taken":1432,"minecraft:walk_one_cm":38048,"minecraft:interact_with_anvil":1,"minecraft:mob_kills":3,"minecraft:damage_dealt":751,"minecraft:interact_with_crafting_table":1,"minecraft:fly_one_cm":22096,"minecraft:open_barrel":2,"minecraft:open_chest":3,"minecraft:interact_with_loom":1,"minecraft:crouch_one_cm":899,"minecraft:play_time":17776,"minecraft:deaths":4,"tombstone:undead_killed":3,"minecraft:sneak_time":432,"minecraft:jump":108,"minecraft:interact_with_blast_furnace":1,"minecraft:time_since_death":870,"minecraft:climb_one_cm":576,"minecraft:total_world_time":17776,"minecraft:fall_one_cm":693},"minecraft:killed_by":{"minecraft:vindicator":2,"minecraft:husk":1,"minecraft:pillager":1},"minecraft:picked_up":{"minecraft:book":3,"minecraft:crafting_table":2,"minecraft:stripped_mangrove_wood":8,"minecraft:cooked_porkchop":1,"minecraft:jukebox":1,"minecraft:smithing_table":1,"minecraft:mushroom_stew":1,"minecraft:blast_furnace":4,"minecraft:stone_pressure_plate":1,"minecraft:bone":2,"minecraft:arrow":3,"minecraft:spruce_wood":4,"minecraft:hay_block":6,"minecraft:calcite":2},"minecraft:mined":{"minecraft:smithing_table":1,"minecraft:hay_block":6,"minecraft:jukebox":1,"minecraft:crafting_table":2,"minecraft:blast_furnace":4,"minecraft:bookshelf":1,"minecraft:calcite":2,"minecraft:spruce_wood":4,"minecraft:stripped_mangrove_wood":8,"minecraft:cake":1,"minecraft:spawner":1},"minecraft:used":{"soul_like_armors_reworked:dagger":37,"minecraft:mangrove_planks":5,"minecraft:leather_helmet":1,"minecraft:leather_chestplate":1,"minecraft:wooden_pickaxe":7,"soul_like_armors_reworked:estusflask":5,"minecraft:golden_carrot":1,"minecraft:crafting_table":1,"minecraft:cooked_porkchop":1,"tombstone:gift":1,"minecraft:golden_axe":1,"minecraft:iron_leggings":1},"minecraft:killed":{"minecraft:skeleton":3}},"DataVersion":3465}