{"stats":{"minecraft:dropped":{"minecraft:nether_brick_stairs":1,"minecraft:iron_sword":1,"iceandfire:raw_silver":1,"minecraft:cooked_beef":1,"minecraft:glass_bottle":8,"minecraft:golden_pickaxe":2,"soul_like_armors_reworked:estusflask":1,"soul_like_armors_reworked:rustysteelmace":1,"minecraft:mossy_stone_brick_stairs":1,"minecraft:cracked_stone_bricks":1,"minecraft:saddle":1,"travelersbackpack:standard":2,"minecraft:leather_helmet":2,"minecraft:flint":3,"minecraft:dirt":175,"minecraft:gold_nugget":20,"minecraft:wooden_sword":1,"minecraft:sand":1,"minecraft:glistering_melon_slice":12,"minecraft:sugar":4,"minecraft:purple_wool":16,"minecraft:dark_oak_planks":4,"minecraft:white_wool":6,"minecraft:gold_ingot":1,"minecraft:bone":23,"minecraft:gravel":1225,"vanillaplustools:stone_shovel":3,"minecraft:iron_nugget":6,"minecraft:cooked_chicken":4,"minecraft:golden_chestplate":2,"minecraft:pointed_dripstone":1,"soul_like_armors_reworked:rustysteel_helmet":2,"minecraft:rotten_flesh":221,"minecraft:oak_planks":6,"create:asurine":1,"minecraft:azure_bluet":2,"minecraft:rabbit_foot":1,"patchouli:guide_book":1,"minecraft:poppy":2,"travelersbackpack:gold_tier_upgrade":1,"minecraft:leather_chestplate":1,"apotheosis:ender_lead":1,"minecraft:tipped_arrow":1,"minecraft:gunpowder":4,"minecraft:leather_boots":1,"apotheosis:gem":4,"minecraft:chainmail_boots":3,"soul_like_armors_reworked:dark_knight_helmet":1,"minecraft:chest":2,"minecraft:red_nether_bricks":1,"minecraft:iron_bars":10,"minecraft:arrow":15,"soul_like_armors_reworked:dark_knight_chestplate":2,"minecraft:stone_brick_stairs":1,"minecraft:netherrack":3,"minecraft:egg":1,"minecraft:bread":9,"minecraft:wheat_seeds":12,"minecraft:golden_helmet":2,"minecraft:mossy_cobblestone":2,"minecraft:dripstone_block":4,"minecraft:poisonous_potato":2,"minecraft:diamond_leggings":2,"minecraft:iron_helmet":1,"minecraft:cobblestone":145,"soul_like_armors_reworked:rustysteel_leggings":1,"soul_like_armors_reworked:rustysteel_boots":2,"minecraft:stick":15,"minecraft:oxeye_daisy":1,"minecraft:diorite":15,"travelersbackpack:blank_upgrade":7,"tombstone:grave_dust":11,"minecraft:iron_leggings":1,"soul_like_armors_reworked:dark_knight_leggings":3,"minecraft:iron_axe":1,"minecraft:chainmail_leggings":2,"minecraft:string":12,"minecraft:music_disc_cat":1,"minecraft:spruce_sapling":5,"minecraft:dandelion":12,"minecraft:raw_copper":15,"minecraft:jukebox":1,"minecraft:bowl":1,"minecraft:stone_shovel":1,"farmersdelight:cabbage_seeds":1,"minecraft:iron_boots":1,"soul_like_armors_reworked:darkknightshield":1,"minecraft:nether_bricks":2,"minecraft:filled_map":1,"minecraft:shield":3,"minecraft:flower_pot":1,"soul_like_armors_reworked:darkknightsword":2,"minecraft:diamond_chestplate":1,"minecraft:spruce_planks":30,"minecraft:andesite":65,"travelersbackpack:crafting_upgrade":1,"minecraft:golden_sword":1,"minecraft:spider_eye":7,"minecraft:stone_bricks":4,"minecraft:diamond_boots":1,"minecraft:spruce_log":1,"minecraft:bow":5,"minecraft:wooden_pickaxe":1,"minecraft:calcite":2,"minecraft:quartz_slab":1},"minecraft:killed":{"minecraft:cave_spider":18,"minecraft:witch":1,"minecraft:spider":14,"minecraft:skeleton":40,"minecraft:zombie_villager":1,"minecraft:creeper":7,"minecraft:pillager":4,"minecraft:zombie":113,"minecraft:stray":23,"minecraft:cow":20,"minecraft:evoker":6,"minecraft:vex":1,"minecraft:vindicator":7,"minecraft:drowned":2,"minecraft:husk":17,"iceandfire:troll":1,"minecraft:rabbit":10,"minecraft:bat":1,"iceandfire:ghost":1,"iceandfire:ice_dragon":1},"minecraft:picked_up":{"minecraft:wheat":18,"minecraft:chainmail_boots":3,"iceandfire:troll_weapon_hammer":1,"minecraft:flower_pot":2,"minecraft:smithing_table":2,"minecraft:lead":1,"alexscaves:cave_tablet":4,"minecraft:wither_rose":1,"minecraft:enchanted_book":3,"minecraft:stone_brick_stairs":1,"minecraft:brewing_stand":1,"minecraft:golden_sword":1,"soul_like_armors_reworked:rustysteel_chestplate":3,"minecraft:music_disc_cat":2,"minecraft:string":32,"minecraft:raw_copper":693,"minecraft:red_nether_bricks":1,"minecraft:iron_leggings":2,"minecraft:pufferfish":4,"vanillaplustools:stone_shovel":1,"minecraft:diamond_leggings":1,"minecraft:gold_nugget":49,"minecraft:bucket":1,"farmersdelight:cabbage":1,"minecraft:spruce_planks":62,"minecraft:calcite":2,"minecraft:iron_pickaxe":1,"apotheosis:ender_lead":1,"minecraft:melon_slice":10,"minecraft:coal_block":3,"farmersdelight:cabbage_seeds":3,"minecraft:iron_boots":1,"minecraft:furnace":2,"minecraft:tipped_arrow":10,"minecraft:golden_helmet":2,"minecraft:stick":24,"apotheosis:gem":12,"minecraft:jukebox":2,"minecraft:polished_deepslate_stairs":2,"minecraft:torch":58,"minecraft:pointed_dripstone":6,"tombstone:grave_dust":23,"minecraft:diorite":14,"minecraft:golden_chestplate":3,"minecraft:rabbit_foot":1,"minecraft:rotten_flesh":242,"iceandfire:fire_dragon_heart":1,"create:asurine":1,"farmersdelight:rope":8,"minecraft:iron_bars":25,"minecraft:cobblestone":19009,"minecraft:enchanting_table":1,"minecraft:leather_chestplate":1,"minecraft:cooked_beef":11,"farmersdelight:rice":1,"minecraft:andesite":65,"minecraft:orange_carpet":1,"minecraft:golden_leggings":1,"minecraft:potato":594,"minecraft:flint":69,"create:raw_zinc":143,"travelersbackpack:gold_tier_upgrade":1,"minecraft:lapis_lazuli":35,"minecraft:dirt":2662,"minecraft:purple_carpet":3,"minecraft:leather_boots":2,"minecraft:bone":64,"minecraft:bow":5,"minecraft:wheat_seeds":87,"soul_like_armors_reworked:dark_knight_helmet":5,"soul_like_armors_reworked:rustysteel_boots":2,"minecraft:mossy_stone_bricks":1,"minecraft:rabbit":12,"minecraft:mossy_stone_brick_stairs":1,"minecraft:cooked_porkchop":1,"minecraft:music_disc_13":1,"patchouli:guide_book":1,"minecraft:oak_pressure_plate":1,"minecraft:poisonous_potato":2,"iceandfire:dragon_skull_fire":1,"minecraft:sand":39,"soul_like_armors_reworked:dark_knight_leggings":3,"minecraft:ink_sac":3,"minecraft:mossy_cobblestone":2,"minecraft:bundle":2,"minecraft:sugar":4,"minecraft:soul_lantern":1,"iceandfire:dragon_ice":2,"minecraft:bone_meal":47,"minecraft:chainmail_helmet":1,"minecraft:emerald":14,"minecraft:bread":48,"minecraft:oak_sapling":50,"minecraft:netherrack":240,"minecraft:bricks":88,"iceandfire:raw_silver":45,"minecraft:crafting_table":6,"minecraft:azure_bluet":2,"minecraft:purple_wool":16,"minecraft:golden_pickaxe":2,"minecraft:leather_leggings":1,"soul_like_armors_reworked:darkknightsword":4,"minecraft:shield":3,"soul_like_armors_reworked:darkknightshield":2,"minecraft:iron_axe":2,"minecraft:quartz_slab":1,"minecraft:white_carpet":2,"minecraft:cracked_stone_bricks":3,"minecraft:beef":29,"minecraft:poppy":4,"minecraft:lectern":1,"minecraft:sugar_cane":15,"minecraft:chest":29,"iceandfire:ice_dragon_heart":1,"minecraft:egg":2,"minecraft:raw_iron":12,"iceandfire:dragonbone":11,"minecraft:stripped_mangrove_wood":8,"iceandfire:dragonscales_gray":25,"minecraft:spruce_fence":1,"farmersdelight:tomato_seeds":4,"minecraft:trident":1,"minecraft:carrot":2,"minecraft:redstone":2,"soul_like_armors_reworked:rustysteel_helmet":5,"minecraft:iron_horse_armor":1,"minecraft:blue_carpet":1,"minecraft:stone_pressure_plate":1,"minecraft:dark_oak_planks":7,"soul_like_armors_reworked:estusflask":52,"minecraft:stone_shovel":1,"minecraft:arrow":77,"minecraft:nether_bricks":2,"minecraft:hay_block":15,"alexscaves:spelunkery_table":1,"minecraft:saddle":1,"minecraft:gold_ingot":2,"minecraft:totem_of_undying":6,"minecraft:mutton":4,"minecraft:white_wool":6,"minecraft:oxeye_daisy":3,"minecraft:salmon":1,"minecraft:leather":25,"soul_like_armors_reworked:darkknighttrident":2,"iceandfire:troll_leather_mountain":3,"minecraft:mushroom_stew":1,"minecraft:oak_log":115,"iceandfire:ectoplasm":1,"minecraft:gunpowder":10,"tombstone:gift":1,"soul_like_armors_reworked:rustyshield":1,"minecraft:apple":6,"minecraft:stone_bricks":6,"minecraft:rabbit_hide":8,"minecraft:spruce_wood":16,"minecraft:iron_ingot":7,"tombstone:bag_of_seeds":2,"minecraft:glass_bottle":7,"minecraft:mangrove_planks":1,"minecraft:iron_sword":1,"iceandfire:fire_dragon_flesh":1,"travelersbackpack:blank_upgrade":3,"minecraft:book":63,"minecraft:quartz":20,"minecraft:dandelion":15,"minecraft:dripstone_block":14,"minecraft:gravel":1189,"minecraft:amethyst_shard":92,"minecraft:spruce_sapling":17,"minecraft:blast_furnace":4,"minecraft:white_bed":3,"minecraft:spruce_log":16,"soul_like_armors_reworked:rustysteelmace":1,"minecraft:spider_eye":9,"minecraft:leather_helmet":2,"travelersbackpack:standard":1,"minecraft:oak_wood":4,"minecraft:pumpkin_seeds":3,"soul_like_armors_reworked:dark_knight_chestplate":3,"minecraft:chainmail_leggings":2,"minecraft:iron_helmet":4,"minecraft:gray_wool":1,"iceandfire:ice_dragon_flesh":2,"minecraft:baked_potato":64,"tombstone:magic_scroll":8,"minecraft:melon_seeds":1,"soul_like_armors_reworked:rustysteel_leggings":1,"minecraft:coal":807,"minecraft:ender_pearl":1},"minecraft:mined":{"minecraft:dark_oak_planks":6,"minecraft:blue_carpet":1,"minecraft:spruce_planks":11,"minecraft:stone_pressure_plate":1,"minecraft:white_bed":3,"minecraft:oak_sapling":8,"minecraft:black_terracotta":2,"minecraft:red_nether_bricks":1,"minecraft:brewing_stand":1,"minecraft:grass_block":793,"minecraft:oak_pressure_plate":1,"minecraft:coal_block":3,"minecraft:oxeye_daisy":2,"minecraft:spawner":42,"minecraft:iron_ore":10,"minecraft:enchanting_table":1,"create:asurine":1,"minecraft:pointed_dripstone":1,"iceandfire:gold_pile":1,"minecraft:dirt_path":2,"minecraft:iron_bars":22,"minecraft:quartz_slab":2,"minecraft:purple_carpet":1,"minecraft:light_gray_concrete":4,"minecraft:spruce_wood":16,"minecraft:stripped_mangrove_wood":8,"farmersdelight:wild_potatoes":13,"minecraft:gray_terracotta":4,"minecraft:cyan_terracotta":6,"minecraft:melon_stem":1,"minecraft:polished_deepslate_stairs":2,"minecraft:torch":31,"minecraft:blast_furnace":5,"minecraft:poppy":2,"minecraft:calcite":2,"minecraft:chest":27,"farmersdelight:cabbages":1,"minecraft:cobblestone":765,"minecraft:sugar_cane":3,"minecraft:bricks":93,"minecraft:dark_oak_slab":1,"minecraft:wheat":13,"minecraft:jukebox":1,"minecraft:stone_brick_stairs":2,"minecraft:grass":239,"minecraft:oak_log":115,"minecraft:dirt":1581,"minecraft:sand":36,"minecraft:netherrack":12,"minecraft:oak_leaves":26,"create:zinc_ore":130,"alexscaves:spelunkery_table":1,"iceandfire:silver_ore":38,"minecraft:potted_wither_rose":1,"minecraft:nether_bricks":3,"minecraft:purple_terracotta":4,"minecraft:spruce_fence":2,"minecraft:spruce_leaves":3,"minecraft:large_fern":2,"minecraft:hay_block":15,"minecraft:furnace":2,"minecraft:black_glazed_terracotta":2,"minecraft:andesite":44,"minecraft:polished_deepslate":2,"minecraft:mossy_stone_brick_stairs":1,"minecraft:bookshelf":21,"minecraft:potatoes":154,"minecraft:vine":5,"minecraft:stone":9957,"minecraft:white_wool":5,"minecraft:cake":1,"minecraft:smithing_table":2,"minecraft:red_wool":1,"minecraft:dandelion":5,"minecraft:crafting_table":6,"minecraft:emerald_ore":4,"minecraft:oak_wood":4,"minecraft:lectern":1,"minecraft:copper_ore":258,"minecraft:tall_grass":20,"minecraft:diorite":7,"minecraft:orange_carpet":1,"minecraft:purple_wool":5,"minecraft:white_carpet":2,"minecraft:spruce_log":18,"minecraft:mangrove_planks":1,"minecraft:black_wool":1,"minecraft:coal_ore":738,"minecraft:gravel":748,"minecraft:dripstone_block":12,"minecraft:cobweb":34,"minecraft:cracked_stone_bricks":3,"minecraft:stone_bricks":7,"minecraft:fern":2},"minecraft:custom":{"minecraft:interact_with_crafting_table":55,"minecraft:open_barrel":49,"goblintraders:trade_with_goblin":1,"minecraft:leave_game":12,"minecraft:time_since_death":32614,"minecraft:damage_resisted":484,"minecraft:sprint_one_cm":3244612,"minecraft:damage_blocked_by_shield":5205,"minecraft:drop":325,"minecraft:talked_to_villager":5,"minecraft:play_time":792131,"minecraft:deaths":71,"minecraft:jump":11254,"minecraft:walk_on_water_one_cm":62338,"minecraft:interact_with_furnace":30,"minecraft:traded_with_villager":1,"minecraft:interact_with_loom":4,"minecraft:sleep_in_bed":24,"tombstone:sneak_grave":1,"minecraft:damage_dealt":66429,"minecraft:player_kills":2,"minecraft:crouch_one_cm":30430,"tombstone:undead_killed":197,"minecraft:interact_with_smoker":14,"minecraft:interact_with_smithing_table":12,"minecraft:interact_with_anvil":3,"minecraft:mob_kills":298,"minecraft:damage_dealt_resisted":0,"minecraft:climb_one_cm":13928,"minecraft:walk_one_cm":2431806,"minecraft:sneak_time":11457,"minecraft:walk_under_water_one_cm":27295,"minecraft:interact_with_blast_furnace":10,"minecraft:total_world_time":792131,"tombstone:raider_killed":18,"minecraft:time_since_rest":29247,"minecraft:damage_taken":36329,"minecraft:damage_absorbed":246,"minecraft:swim_one_cm":60882,"minecraft:fly_one_cm":3015570,"minecraft:open_chest":648,"minecraft:fall_one_cm":155124},"minecraft:crafted":{"minecraft:oak_planks":332,"travelersbackpack:crafting_upgrade":2,"travelersbackpack:diamond":3,"minecraft:glass":36,"vanillaplustools:iron_hammer":1,"apotheosis:ender_lead":1,"minecraft:chest":70,"vanillaplustools:stone_shovel":3,"minecraft:golden_sword":1,"minecraft:smoker":4,"travelersbackpack:iron_tier_upgrade":1,"soul_like_armors_reworked:rustysteel_chestplate":1,"minecraft:crafting_table":7,"minecraft:spruce_planks":92,"minecraft:iron_helmet":1,"minecraft:wooden_pickaxe":1,"minecraft:baked_potato":94,"minecraft:smithing_table":1,"minecraft:totem_of_undying":1,"minecraft:stick":216,"minecraft:iron_ingot":25,"minecraft:iron_pickaxe":12,"minecraft:gold_ingot":6,"minecraft:nether_wart":2,"minecraft:wooden_sword":1,"minecraft:stone_shovel":28,"vanillaplustools:stone_hammer":8,"vanillaplustools:iron_shovel":1,"minecraft:furnace":4,"minecraft:bone_meal":3,"travelersbackpack:blank_upgrade":12,"travelersbackpack:gold_tier_upgrade":1,"soul_like_armors_reworked:darkknightsword":1,"minecraft:leather":2,"minecraft:iron_hoe":2,"minecraft:stone_pickaxe":71,"soul_like_armors_reworked:dark_knight_helmet":1,"minecraft:golden_helmet":1,"travelersbackpack:diamond_tier_upgrade":1,"minecraft:wheat":128,"minecraft:cooked_beef":17,"minecraft:diamond_sword":1,"travelersbackpack:backpack_tank":6,"minecraft:iron_sword":1,"minecraft:cooked_salmon":1,"minecraft:mangrove_planks":32,"minecraft:bucket":4,"minecraft:air":0,"minecraft:bread":45,"minecraft:golden_apple":13,"minecraft:iron_leggings":3,"minecraft:iron_shovel":9,"minecraft:torch":16},"minecraft:killed_by":{"minecraft:pillager":1,"sanitydim:rotting_stalker":2,"minecraft:vindicator":22,"minecraft:cave_spider":2,"iceandfire:ice_dragon":3,"minecraft:zombie":4,"iceandfire:fire_dragon":2,"minecraft:vex":6,"minecraft:husk":5,"minecraft:player":1,"minecraft:stray":13,"minecraft:skeleton":5,"iceandfire:troll":1},"minecraft:broken":{"minecraft:golden_helmet":2,"vanillaplustools:iron_hammer":1,"minecraft:iron_leggings":1,"minecraft:chainmail_boots":1,"minecraft:stone_pickaxe":2,"minecraft:diamond_boots":1,"vanillaplustools:iron_shovel":1,"minecraft:golden_sword":1,"minecraft:iron_sword":1,"minecraft:iron_hoe":1,"minecraft:leather_helmet":1,"minecraft:diamond_chestplate":1,"soul_like_armors_reworked:dagger":1,"soul_like_armors_reworked:dark_knight_helmet":1,"minecraft:diamond_leggings":1,"iceandfire:armor_silver_metal_helmet":1,"minecraft:shield":1,"minecraft:golden_axe":1,"vanillaplustools:stone_hammer":8,"minecraft:iron_axe":1,"minecraft:iron_pickaxe":4,"minecraft:iron_helmet":4,"minecraft:golden_pickaxe":1},"minecraft:used":{"farmersdelight:cabbage_seeds":3,"minecraft:poppy":2,"minecraft:chest":96,"minecraft:shield":72,"farmersdelight:cabbage":1,"minecraft:iron_sword":251,"travelersbackpack:diamond":33,"minecraft:rotten_flesh":16,"minecraft:mutton":2,"minecraft:carrot":3,"vanillaplustools:iron_shovel":250,"minecraft:bricks":91,"minecraft:iron_helmet":1,"minecraft:golden_sword":62,"minecraft:bow":7,"minecraft:oak_sapling":50,"minecraft:furnace":2,"minecraft:egg":1,"minecraft:potato":421,"minecraft:mossy_stone_bricks":1,"minecraft:diamond_boots":4,"minecraft:stone_pickaxe":268,"minecraft:mangrove_planks":20,"minecraft:oak_planks":26,"minecraft:wooden_pickaxe":7,"minecraft:leather_chestplate":1,"tombstone:scroll_of_true_sight":1,"minecraft:sugar_cane":1,"minecraft:golden_apple":4,"minecraft:mushroom_stew":1,"minecraft:blast_furnace":4,"soul_like_armors_reworked:rustysteel_boots":2,"minecraft:dripstone_block":1,"minecraft:melon_slice":10,"minecraft:bread":122,"tombstone:grave_key":3,"minecraft:oak_pressure_plate":1,"minecraft:gravel":1,"minecraft:soul_lantern":1,"minecraft:diamond_sword":1373,"minecraft:wooden_sword":21,"minecraft:chainmail_boots":1,"minecraft:smithing_table":2,"minecraft:bone_meal":3,"minecraft:golden_pickaxe":32,"minecraft:experience_bottle":38,"minecraft:iron_bars":6,"soul_like_armors_reworked:dark_knight_chestplate":2,"minecraft:spruce_planks":108,"vanillaplustools:stone_hammer":1048,"soul_like_armors_reworked:estusflask":53,"minecraft:cooked_salmon":1,"minecraft:torch":74,"minecraft:dirt":2744,"minecraft:iron_hoe":325,"minecraft:dark_oak_planks":3,"soul_like_armors_reworked:dagger":300,"minecraft:iron_axe":141,"minecraft:iron_boots":1,"soul_like_armors_reworked:rustysteel_chestplate":1,"minecraft:totem_of_undying":2,"minecraft:melon_seeds":1,"minecraft:diamond_chestplate":3,"alexscaves:spelunkery_table":1,"minecraft:golden_carrot":1,"tombstone:gift":10,"minecraft:cooked_beef":50,"minecraft:golden_axe":17,"minecraft:iron_leggings":2,"minecraft:wheat_seeds":72,"minecraft:cooked_mutton":4,"minecraft:water_bucket":7,"minecraft:rabbit":7,"minecraft:lead":1,"minecraft:baked_potato":94,"minecraft:crafting_table":11,"vanillaplustools:stone_shovel":249,"minecraft:white_bed":3,"minecraft:smoker":4,"tombstone:bag_of_seeds":2,"minecraft:oak_log":1,"minecraft:apple":1,"minecraft:oxeye_daisy":2,"minecraft:iron_pickaxe":1410,"minecraft:leather_helmet":1,"minecraft:cobblestone":6472,"minecraft:potion":2,"travelersbackpack:standard":4,"vanillaplustools:iron_hammer":250,"minecraft:cooked_porkchop":1,"minecraft:bucket":16,"minecraft:pumpkin_pie":5,"minecraft:dandelion":3,"minecraft:diamond_leggings":1,"minecraft:jukebox":1}},"DataVersion":3465}