{"stats":{"minecraft:crafted":{"minecraft:oak_planks":180,"travelersbackpack:crafting_upgrade":2,"travelersbackpack:diamond":3,"minecraft:glass":36,"vanillaplustools:iron_hammer":1,"minecraft:chest":10,"minecraft:golden_sword":1,"travelersbackpack:iron_tier_upgrade":1,"minecraft:crafting_table":7,"minecraft:spruce_planks":92,"minecraft:wooden_pickaxe":1,"minecraft:iron_helmet":1,"minecraft:smithing_table":1,"minecraft:stick":104,"minecraft:iron_pickaxe":10,"minecraft:iron_ingot":1,"minecraft:gold_ingot":6,"minecraft:wooden_sword":1,"vanillaplustools:stone_hammer":2,"vanillaplustools:iron_shovel":1,"minecraft:furnace":1,"travelersbackpack:blank_upgrade":12,"travelersbackpack:gold_tier_upgrade":1,"minecraft:leather":2,"minecraft:stone_pickaxe":19,"soul_like_armors_reworked:dark_knight_helmet":1,"minecraft:golden_helmet":1,"travelersbackpack:diamond_tier_upgrade":1,"minecraft:wheat":128,"minecraft:cooked_beef":17,"minecraft:diamond_sword":1,"travelersbackpack:backpack_tank":6,"minecraft:iron_sword":1,"minecraft:mangrove_planks":32,"minecraft:bucket":4,"minecraft:bread":45,"minecraft:air":0,"minecraft:golden_apple":13,"minecraft:iron_shovel":9,"minecraft:iron_leggings":2},"minecraft:custom":{"minecraft:interact_with_crafting_table":52,"minecraft:open_barrel":49,"minecraft:leave_game":5,"minecraft:time_since_death":102517,"minecraft:damage_resisted":484,"minecraft:sprint_one_cm":1890060,"minecraft:damage_blocked_by_shield":5205,"minecraft:drop":218,"minecraft:play_time":421120,"minecraft:deaths":61,"minecraft:jump":5388,"minecraft:walk_on_water_one_cm":38614,"minecraft:interact_with_furnace":18,"minecraft:interact_with_loom":1,"minecraft:sleep_in_bed":7,"tombstone:sneak_grave":1,"minecraft:damage_dealt":52968,"minecraft:player_kills":1,"minecraft:crouch_one_cm":21887,"tombstone:undead_killed":156,"minecraft:interact_with_smoker":1,"minecraft:interact_with_smithing_table":11,"minecraft:mob_kills":243,"minecraft:interact_with_anvil":3,"minecraft:damage_dealt_resisted":0,"minecraft:climb_one_cm":13886,"minecraft:walk_one_cm":910622,"minecraft:sneak_time":8309,"minecraft:walk_under_water_one_cm":9693,"minecraft:interact_with_blast_furnace":1,"minecraft:total_world_time":421120,"tombstone:raider_killed":17,"minecraft:time_since_rest":19187,"minecraft:damage_taken":30718,"minecraft:damage_absorbed":246,"minecraft:swim_one_cm":34191,"minecraft:fly_one_cm":1307682,"minecraft:open_chest":270,"minecraft:fall_one_cm":101288},"minecraft:killed_by":{"minecraft:pillager":1,"minecraft:vindicator":22,"minecraft:cave_spider":2,"iceandfire:ice_dragon":3,"minecraft:zombie":3,"minecraft:vex":6,"minecraft:husk":5,"minecraft:stray":13,"minecraft:skeleton":5},"minecraft:picked_up":{"minecraft:wheat":7,"minecraft:chainmail_boots":3,"minecraft:flower_pot":2,"minecraft:smithing_table":2,"minecraft:wither_rose":1,"minecraft:enchanted_book":1,"minecraft:stone_brick_stairs":1,"minecraft:brewing_stand":1,"minecraft:golden_sword":1,"minecraft:music_disc_cat":2,"minecraft:string":21,"minecraft:raw_copper":64,"minecraft:red_nether_bricks":1,"minecraft:iron_leggings":1,"minecraft:diamond_leggings":1,"farmersdelight:cabbage":1,"minecraft:bucket":1,"minecraft:spruce_planks":62,"minecraft:calcite":2,"minecraft:iron_pickaxe":1,"minecraft:coal_block":3,"farmersdelight:cabbage_seeds":3,"minecraft:furnace":1,"minecraft:iron_boots":1,"minecraft:tipped_arrow":10,"minecraft:golden_helmet":2,"minecraft:stick":22,"apotheosis:gem":9,"minecraft:jukebox":2,"minecraft:polished_deepslate_stairs":2,"minecraft:torch":1,"tombstone:grave_dust":21,"minecraft:diorite":14,"minecraft:golden_chestplate":3,"minecraft:rabbit_foot":1,"minecraft:rotten_flesh":220,"farmersdelight:rope":8,"minecraft:iron_bars":25,"minecraft:cobblestone":1276,"minecraft:enchanting_table":1,"minecraft:leather_chestplate":1,"minecraft:cooked_beef":7,"minecraft:orange_carpet":1,"minecraft:golden_leggings":1,"minecraft:potato":22,"minecraft:flint":1,"create:raw_zinc":26,"minecraft:dirt":701,"minecraft:purple_carpet":3,"minecraft:leather_boots":1,"minecraft:bone":56,"minecraft:bow":5,"minecraft:wheat_seeds":5,"soul_like_armors_reworked:dark_knight_helmet":5,"soul_like_armors_reworked:rustysteel_boots":1,"minecraft:mossy_stone_bricks":1,"minecraft:rabbit":12,"minecraft:mossy_stone_brick_stairs":1,"minecraft:cooked_porkchop":1,"minecraft:music_disc_13":1,"patchouli:guide_book":1,"minecraft:oak_pressure_plate":1,"minecraft:sand":36,"soul_like_armors_reworked:dark_knight_leggings":3,"minecraft:mossy_cobblestone":2,"minecraft:bundle":2,"minecraft:sugar":4,"minecraft:soul_lantern":1,"iceandfire:dragon_ice":2,"minecraft:chainmail_helmet":1,"minecraft:emerald":9,"minecraft:bread":48,"minecraft:oak_sapling":31,"minecraft:netherrack":5,"minecraft:bricks":88,"iceandfire:raw_silver":21,"minecraft:crafting_table":5,"minecraft:purple_wool":16,"minecraft:leather_leggings":1,"minecraft:golden_pickaxe":2,"soul_like_armors_reworked:darkknightsword":2,"minecraft:shield":3,"soul_like_armors_reworked:darkknightshield":1,"minecraft:iron_axe":2,"minecraft:white_carpet":2,"minecraft:quartz_slab":1,"minecraft:cracked_stone_bricks":3,"minecraft:beef":29,"minecraft:poppy":2,"minecraft:lectern":1,"minecraft:sugar_cane":1,"minecraft:chest":2,"iceandfire:ice_dragon_heart":1,"minecraft:egg":2,"iceandfire:dragonbone":4,"minecraft:stripped_mangrove_wood":8,"minecraft:spruce_fence":1,"farmersdelight:tomato_seeds":4,"minecraft:carrot":1,"minecraft:redstone":2,"soul_like_armors_reworked:rustysteel_helmet":5,"minecraft:iron_horse_armor":1,"minecraft:blue_carpet":1,"minecraft:stone_pressure_plate":1,"minecraft:dark_oak_planks":7,"soul_like_armors_reworked:estusflask":46,"minecraft:arrow":65,"minecraft:nether_bricks":2,"minecraft:hay_block":15,"minecraft:saddle":1,"minecraft:totem_of_undying":6,"minecraft:mutton":2,"minecraft:white_wool":6,"soul_like_armors_reworked:darkknighttrident":2,"minecraft:leather":25,"minecraft:mushroom_stew":1,"minecraft:oak_log":87,"iceandfire:ectoplasm":1,"minecraft:gunpowder":2,"tombstone:gift":1,"minecraft:apple":4,"minecraft:stone_bricks":6,"minecraft:rabbit_hide":8,"minecraft:spruce_wood":16,"minecraft:iron_ingot":7,"tombstone:bag_of_seeds":2,"minecraft:glass_bottle":7,"minecraft:mangrove_planks":1,"minecraft:iron_sword":1,"minecraft:book":63,"minecraft:dandelion":2,"minecraft:dripstone_block":1,"minecraft:gravel":9,"minecraft:spruce_sapling":5,"minecraft:blast_furnace":4,"minecraft:spruce_log":16,"soul_like_armors_reworked:rustysteelmace":1,"minecraft:spider_eye":5,"minecraft:leather_helmet":2,"minecraft:oak_wood":4,"minecraft:pumpkin_seeds":3,"soul_like_armors_reworked:dark_knight_chestplate":2,"minecraft:chainmail_leggings":1,"minecraft:iron_helmet":3,"iceandfire:ice_dragon_flesh":2,"tombstone:magic_scroll":5,"minecraft:melon_seeds":1,"soul_like_armors_reworked:rustysteel_leggings":1,"minecraft:coal":228,"minecraft:ender_pearl":1},"minecraft:mined":{"minecraft:dark_oak_planks":6,"minecraft:blue_carpet":1,"minecraft:stone_pressure_plate":1,"minecraft:spruce_planks":11,"minecraft:oak_sapling":7,"minecraft:black_terracotta":2,"minecraft:red_nether_bricks":1,"minecraft:brewing_stand":1,"minecraft:grass_block":280,"minecraft:oak_pressure_plate":1,"minecraft:coal_block":3,"minecraft:spawner":42,"minecraft:enchanting_table":1,"minecraft:quartz_slab":2,"minecraft:iron_bars":22,"minecraft:purple_carpet":1,"minecraft:light_gray_concrete":4,"minecraft:spruce_wood":16,"minecraft:stripped_mangrove_wood":8,"farmersdelight:wild_potatoes":13,"minecraft:gray_terracotta":4,"minecraft:cyan_terracotta":6,"minecraft:melon_stem":1,"minecraft:polished_deepslate_stairs":2,"minecraft:torch":1,"minecraft:poppy":2,"minecraft:blast_furnace":5,"minecraft:calcite":2,"farmersdelight:cabbages":1,"minecraft:cobblestone":5,"minecraft:sugar_cane":1,"minecraft:bricks":93,"minecraft:dark_oak_slab":1,"minecraft:jukebox":1,"minecraft:stone_brick_stairs":2,"minecraft:grass":19,"minecraft:oak_log":87,"minecraft:sand":36,"minecraft:dirt":432,"minecraft:netherrack":12,"minecraft:oak_leaves":19,"create:zinc_ore":27,"iceandfire:silver_ore":19,"minecraft:potted_wither_rose":1,"minecraft:nether_bricks":3,"minecraft:purple_terracotta":4,"minecraft:spruce_fence":2,"minecraft:spruce_leaves":3,"minecraft:large_fern":2,"minecraft:hay_block":15,"minecraft:furnace":1,"minecraft:black_glazed_terracotta":2,"minecraft:polished_deepslate":2,"minecraft:mossy_stone_brick_stairs":1,"minecraft:bookshelf":21,"minecraft:potatoes":3,"minecraft:vine":5,"minecraft:stone":2477,"minecraft:white_wool":5,"minecraft:cake":1,"minecraft:smithing_table":2,"minecraft:red_wool":1,"minecraft:dandelion":1,"minecraft:crafting_table":5,"minecraft:emerald_ore":1,"minecraft:oak_wood":4,"minecraft:lectern":1,"minecraft:tall_grass":10,"minecraft:copper_ore":88,"minecraft:diorite":7,"minecraft:orange_carpet":1,"minecraft:purple_wool":5,"minecraft:white_carpet":2,"minecraft:spruce_log":18,"minecraft:mangrove_planks":1,"minecraft:black_wool":1,"minecraft:coal_ore":208,"minecraft:gravel":12,"minecraft:dripstone_block":1,"minecraft:cobweb":34,"minecraft:cracked_stone_bricks":3,"minecraft:stone_bricks":7,"minecraft:fern":2},"minecraft:used":{"minecraft:poppy":1,"farmersdelight:cabbage_seeds":3,"minecraft:chest":7,"minecraft:shield":72,"farmersdelight:cabbage":1,"minecraft:iron_sword":251,"travelersbackpack:diamond":15,"minecraft:rotten_flesh":14,"minecraft:mutton":2,"minecraft:carrot":2,"vanillaplustools:iron_shovel":91,"minecraft:bricks":91,"minecraft:iron_helmet":1,"minecraft:golden_sword":62,"minecraft:bow":6,"minecraft:oak_sapling":31,"minecraft:furnace":2,"minecraft:egg":1,"minecraft:potato":19,"minecraft:mossy_stone_bricks":1,"minecraft:diamond_boots":4,"minecraft:stone_pickaxe":6,"minecraft:mangrove_planks":20,"minecraft:oak_planks":26,"minecraft:wooden_pickaxe":7,"minecraft:leather_chestplate":1,"tombstone:scroll_of_true_sight":1,"minecraft:sugar_cane":1,"minecraft:golden_apple":4,"minecraft:mushroom_stew":1,"minecraft:dripstone_block":1,"soul_like_armors_reworked:rustysteel_boots":1,"minecraft:bread":122,"tombstone:grave_key":3,"minecraft:oak_pressure_plate":1,"minecraft:soul_lantern":1,"minecraft:diamond_sword":1026,"minecraft:wooden_sword":21,"minecraft:chainmail_boots":1,"minecraft:smithing_table":2,"minecraft:golden_pickaxe":32,"minecraft:experience_bottle":38,"minecraft:iron_bars":6,"minecraft:spruce_planks":108,"vanillaplustools:stone_hammer":17,"soul_like_armors_reworked:estusflask":48,"minecraft:torch":1,"minecraft:dirt":586,"minecraft:dark_oak_planks":3,"soul_like_armors_reworked:dagger":300,"minecraft:iron_axe":93,"minecraft:iron_boots":1,"minecraft:totem_of_undying":2,"minecraft:melon_seeds":1,"minecraft:golden_carrot":1,"tombstone:gift":10,"minecraft:cooked_beef":42,"minecraft:golden_axe":17,"minecraft:iron_leggings":2,"minecraft:cooked_mutton":4,"minecraft:water_bucket":3,"minecraft:rabbit":7,"minecraft:baked_potato":10,"minecraft:crafting_table":10,"minecraft:oak_log":1,"tombstone:bag_of_seeds":2,"minecraft:apple":1,"minecraft:iron_pickaxe":677,"minecraft:leather_helmet":1,"minecraft:cobblestone":603,"minecraft:potion":2,"travelersbackpack:standard":4,"vanillaplustools:iron_hammer":250,"minecraft:cooked_porkchop":1,"minecraft:bucket":12,"minecraft:pumpkin_pie":5,"minecraft:diamond_leggings":1,"minecraft:jukebox":1},"minecraft:broken":{"minecraft:golden_helmet":1,"vanillaplustools:iron_hammer":1,"minecraft:iron_leggings":1,"minecraft:chainmail_boots":1,"minecraft:diamond_boots":1,"minecraft:golden_sword":1,"minecraft:iron_sword":1,"minecraft:leather_helmet":1,"minecraft:diamond_chestplate":1,"soul_like_armors_reworked:dagger":1,"soul_like_armors_reworked:dark_knight_helmet":1,"minecraft:diamond_leggings":1,"iceandfire:armor_silver_metal_helmet":1,"minecraft:shield":1,"minecraft:golden_axe":1,"minecraft:iron_pickaxe":1,"minecraft:iron_helmet":3,"minecraft:golden_pickaxe":1},"minecraft:killed":{"minecraft:cave_spider":18,"minecraft:witch":1,"minecraft:spider":7,"minecraft:skeleton":32,"minecraft:creeper":3,"minecraft:pillager":3,"minecraft:zombie":85,"minecraft:stray":23,"minecraft:cow":20,"minecraft:vex":1,"minecraft:evoker":6,"minecraft:vindicator":7,"minecraft:husk":15,"minecraft:rabbit":10,"minecraft:bat":1,"iceandfire:ghost":1,"iceandfire:ice_dragon":1},"minecraft:dropped":{"minecraft:nether_brick_stairs":1,"minecraft:iron_sword":1,"iceandfire:raw_silver":1,"minecraft:cooked_beef":1,"minecraft:golden_pickaxe":2,"minecraft:glass_bottle":8,"soul_like_armors_reworked:estusflask":1,"soul_like_armors_reworked:rustysteelmace":1,"minecraft:mossy_stone_brick_stairs":1,"minecraft:cracked_stone_bricks":1,"minecraft:saddle":1,"travelersbackpack:standard":1,"minecraft:leather_helmet":2,"minecraft:flint":1,"minecraft:dirt":16,"minecraft:wooden_sword":1,"minecraft:gold_nugget":6,"minecraft:glistering_melon_slice":12,"minecraft:sugar":4,"minecraft:purple_wool":16,"minecraft:dark_oak_planks":4,"minecraft:white_wool":6,"minecraft:gold_ingot":1,"minecraft:bone":23,"minecraft:gravel":9,"minecraft:iron_nugget":6,"minecraft:cooked_chicken":4,"minecraft:golden_chestplate":2,"soul_like_armors_reworked:rustysteel_helmet":2,"minecraft:rotten_flesh":193,"minecraft:oak_planks":6,"minecraft:rabbit_foot":1,"patchouli:guide_book":1,"minecraft:poppy":1,"minecraft:leather_chestplate":1,"minecraft:tipped_arrow":1,"minecraft:gunpowder":2,"apotheosis:gem":3,"soul_like_armors_reworked:dark_knight_helmet":1,"minecraft:chest":2,"minecraft:chainmail_boots":3,"minecraft:red_nether_bricks":1,"minecraft:iron_bars":10,"minecraft:arrow":15,"soul_like_armors_reworked:dark_knight_chestplate":2,"minecraft:stone_brick_stairs":1,"minecraft:netherrack":3,"minecraft:egg":1,"minecraft:bread":9,"minecraft:wheat_seeds":5,"minecraft:golden_helmet":2,"minecraft:mossy_cobblestone":2,"minecraft:diamond_leggings":2,"minecraft:iron_helmet":1,"minecraft:cobblestone":12,"soul_like_armors_reworked:rustysteel_leggings":1,"soul_like_armors_reworked:rustysteel_boots":1,"minecraft:stick":15,"minecraft:diorite":14,"tombstone:grave_dust":11,"travelersbackpack:blank_upgrade":4,"minecraft:iron_leggings":1,"soul_like_armors_reworked:dark_knight_leggings":3,"minecraft:iron_axe":1,"minecraft:chainmail_leggings":1,"minecraft:string":12,"minecraft:music_disc_cat":1,"minecraft:spruce_sapling":5,"minecraft:dandelion":2,"minecraft:jukebox":1,"minecraft:bowl":1,"farmersdelight:cabbage_seeds":1,"minecraft:iron_boots":1,"soul_like_armors_reworked:darkknightshield":1,"minecraft:nether_bricks":2,"minecraft:filled_map":1,"minecraft:shield":3,"minecraft:flower_pot":1,"soul_like_armors_reworked:darkknightsword":2,"minecraft:diamond_chestplate":1,"minecraft:spruce_planks":30,"travelersbackpack:crafting_upgrade":1,"minecraft:golden_sword":1,"minecraft:spider_eye":5,"minecraft:stone_bricks":4,"minecraft:diamond_boots":1,"minecraft:spruce_log":1,"minecraft:bow":5,"minecraft:wooden_pickaxe":1,"minecraft:calcite":2,"minecraft:quartz_slab":1}},"DataVersion":3465}