{"stats":{"minecraft:crafted":{"minecraft:mangrove_planks":24},"minecraft:custom":{"minecraft:jump":7,"minecraft:time_since_rest":5776,"minecraft:interact_with_smithing_table":1,"minecraft:crouch_one_cm":832,"minecraft:sprint_one_cm":3212,"minecraft:play_time":5776,"minecraft:damage_taken":20,"minecraft:time_since_death":5776,"minecraft:walk_one_cm":4859,"minecraft:sneak_time":401,"minecraft:total_world_time":5776,"minecraft:interact_with_anvil":1,"minecraft:fall_one_cm":484,"minecraft:fly_one_cm":180},"minecraft:picked_up":{"minecraft:stripped_mangrove_wood":8,"minecraft:smithing_table":1,"minecraft:spruce_wood":2},"minecraft:mined":{"minecraft:smithing_table":1,"minecraft:spruce_wood":2,"minecraft:stripped_mangrove_wood":8},"minecraft:used":{"minecraft:mangrove_planks":5,"minecraft:leather_chestplate":1,"minecraft:iron_leggings":1}},"DataVersion":3465}