{"stats":{"minecraft:crafted":{"minecraft:wooden_sword":1,"minecraft:crafting_table":1,"minecraft:spruce_planks":32,"minecraft:iron_helmet":1,"minecraft:wooden_pickaxe":1,"minecraft:iron_sword":1,"minecraft:mangrove_planks":32,"minecraft:bread":45,"minecraft:stick":28,"minecraft:iron_ingot":1,"minecraft:stone_pickaxe":1,"minecraft:iron_leggings":1,"minecraft:gold_ingot":6,"minecraft:golden_helmet":1,"minecraft:golden_sword":1,"minecraft:wheat":128},"minecraft:custom":{"minecraft:interact_with_smithing_table":1,"minecraft:mob_kills":42,"minecraft:interact_with_anvil":1,"tombstone:raider_killed":12,"minecraft:interact_with_crafting_table":13,"minecraft:open_barrel":30,"minecraft:interact_with_loom":1,"minecraft:damage_dealt_resisted":0,"minecraft:time_since_death":556,"minecraft:damage_resisted":0,"minecraft:climb_one_cm":4973,"minecraft:time_since_rest":1,"minecraft:sprint_one_cm":327112,"minecraft:damage_blocked_by_shield":390,"minecraft:damage_taken":10729,"minecraft:walk_one_cm":216329,"minecraft:drop":27,"minecraft:damage_dealt":16385,"minecraft:fly_one_cm":354321,"minecraft:open_chest":17,"minecraft:crouch_one_cm":1243,"minecraft:play_time":89776,"tombstone:undead_killed":24,"minecraft:deaths":25,"minecraft:sneak_time":581,"minecraft:jump":1318,"minecraft:interact_with_blast_furnace":1,"minecraft:walk_on_water_one_cm":1936,"minecraft:total_world_time":89776,"minecraft:fall_one_cm":12042},"minecraft:killed_by":{"minecraft:husk":5,"minecraft:vindicator":13,"minecraft:pillager":1,"minecraft:vex":6},"minecraft:picked_up":{"minecraft:crafting_table":4,"minecraft:wheat":7,"minecraft:flower_pot":2,"minecraft:smithing_table":1,"minecraft:wither_rose":1,"minecraft:mushroom_stew":1,"minecraft:golden_sword":1,"minecraft:dirt":16,"minecraft:quartz_slab":1,"minecraft:purple_carpet":3,"minecraft:leather_boots":1,"minecraft:bone":6,"minecraft:cracked_stone_bricks":2,"minecraft:spruce_wood":7,"minecraft:calcite":2,"minecraft:glass_bottle":2,"minecraft:lectern":1,"minecraft:coal_block":3,"minecraft:mangrove_planks":1,"minecraft:book":63,"apotheosis:gem":3,"minecraft:stripped_mangrove_wood":8,"minecraft:cooked_porkchop":1,"minecraft:jukebox":1,"minecraft:polished_deepslate_stairs":2,"minecraft:spruce_fence":1,"minecraft:spruce_sapling":2,"minecraft:blast_furnace":4,"tombstone:grave_dust":8,"minecraft:redstone":1,"minecraft:spruce_log":2,"minecraft:leather_helmet":1,"minecraft:stone_pressure_plate":1,"minecraft:sugar":4,"minecraft:bundle":1,"soul_like_armors_reworked:estusflask":9,"minecraft:arrow":8,"minecraft:rotten_flesh":18,"minecraft:hay_block":15,"minecraft:iron_bars":3,"minecraft:emerald":4,"minecraft:totem_of_undying":6,"minecraft:netherrack":1,"minecraft:cobblestone":16},"minecraft:mined":{"minecraft:smithing_table":1,"minecraft:potted_wither_rose":1,"minecraft:polished_deepslate_stairs":2,"minecraft:crafting_table":4,"minecraft:torch":1,"minecraft:blast_furnace":5,"minecraft:spruce_fence":2,"minecraft:calcite":2,"minecraft:lectern":1,"minecraft:coal_block":3,"minecraft:spawner":1,"minecraft:large_fern":2,"minecraft:hay_block":15,"minecraft:spruce_log":4,"minecraft:jukebox":1,"minecraft:mangrove_planks":1,"minecraft:polished_deepslate":2,"minecraft:bookshelf":21,"minecraft:quartz_slab":2,"minecraft:iron_bars":3,"minecraft:stone":8,"minecraft:cracked_stone_bricks":3,"minecraft:stone_bricks":3,"minecraft:spruce_wood":7,"minecraft:stripped_mangrove_wood":8,"minecraft:netherrack":10,"minecraft:cake":1},"minecraft:used":{"minecraft:stone_pickaxe":6,"minecraft:mangrove_planks":20,"minecraft:shield":4,"minecraft:wooden_pickaxe":7,"minecraft:spruce_planks":14,"minecraft:leather_chestplate":1,"minecraft:iron_sword":182,"tombstone:scroll_of_true_sight":1,"soul_like_armors_reworked:estusflask":14,"minecraft:crafting_table":5,"minecraft:mushroom_stew":1,"soul_like_armors_reworked:dagger":300,"minecraft:bread":52,"minecraft:leather_helmet":1,"minecraft:iron_boots":1,"minecraft:golden_sword":62,"minecraft:wooden_sword":21,"minecraft:golden_carrot":1,"minecraft:experience_bottle":28,"minecraft:cooked_porkchop":1,"tombstone:gift":5,"minecraft:pumpkin_pie":5,"minecraft:golden_pickaxe":32,"minecraft:golden_axe":17,"minecraft:iron_leggings":1},"minecraft:killed":{"minecraft:evoker":6,"minecraft:vex":1,"minecraft:husk":15,"minecraft:witch":1,"minecraft:vindicator":3,"minecraft:creeper":1,"minecraft:skeleton":6,"minecraft:pillager":2,"minecraft:zombie":3},"minecraft:broken":{"minecraft:leather_helmet":1,"minecraft:golden_helmet":1,"minecraft:golden_sword":1,"minecraft:golden_axe":1,"soul_like_armors_reworked:dagger":1,"minecraft:golden_pickaxe":1,"minecraft:iron_leggings":1,"minecraft:chainmail_boots":1},"minecraft:dropped":{"minecraft:iron_nugget":6,"minecraft:glass_bottle":2,"minecraft:bowl":1,"minecraft:cobblestone":10,"minecraft:rotten_flesh":6,"minecraft:leather_helmet":1,"minecraft:flower_pot":1,"minecraft:spruce_planks":8,"minecraft:spruce_log":1,"minecraft:golden_sword":1,"minecraft:gold_nugget":6,"minecraft:wooden_sword":1,"minecraft:iron_bars":2,"minecraft:arrow":3,"minecraft:wooden_pickaxe":1,"minecraft:sugar":4,"minecraft:quartz_slab":1,"minecraft:calcite":2,"minecraft:netherrack":1,"minecraft:spruce_sapling":2,"minecraft:bone":4}},"DataVersion":3465}