{"stats":{"minecraft:crafted":{"minecraft:wooden_sword":1,"minecraft:spruce_planks":20,"minecraft:wooden_pickaxe":1,"minecraft:iron_sword":1,"minecraft:mangrove_planks":32,"minecraft:bread":45,"minecraft:stick":16,"minecraft:iron_ingot":1,"minecraft:gold_ingot":6,"minecraft:golden_helmet":1,"minecraft:golden_sword":1,"minecraft:wheat":128},"minecraft:custom":{"minecraft:interact_with_smithing_table":1,"minecraft:mob_kills":37,"minecraft:interact_with_anvil":1,"tombstone:raider_killed":10,"minecraft:interact_with_crafting_table":10,"minecraft:open_barrel":17,"minecraft:interact_with_loom":1,"minecraft:damage_dealt_resisted":0,"minecraft:time_since_death":736,"minecraft:damage_resisted":0,"minecraft:climb_one_cm":2790,"minecraft:time_since_rest":1,"minecraft:sprint_one_cm":234635,"minecraft:damage_blocked_by_shield":195,"minecraft:damage_taken":7721,"minecraft:walk_one_cm":155136,"minecraft:drop":17,"minecraft:damage_dealt":13355,"minecraft:fly_one_cm":248419,"minecraft:open_chest":5,"minecraft:crouch_one_cm":1159,"minecraft:play_time":65776,"tombstone:undead_killed":22,"minecraft:deaths":17,"minecraft:sneak_time":524,"minecraft:jump":836,"minecraft:interact_with_blast_furnace":1,"minecraft:walk_on_water_one_cm":1849,"minecraft:total_world_time":65776,"minecraft:fall_one_cm":5808},"minecraft:killed_by":{"minecraft:husk":5,"minecraft:vindicator":7,"minecraft:pillager":1,"minecraft:vex":4},"minecraft:picked_up":{"minecraft:crafting_table":4,"minecraft:wheat":7,"minecraft:flower_pot":2,"minecraft:smithing_table":1,"minecraft:wither_rose":1,"minecraft:mushroom_stew":1,"minecraft:dirt":16,"minecraft:bone":4,"minecraft:spruce_wood":4,"minecraft:calcite":2,"minecraft:lectern":1,"minecraft:coal_block":3,"minecraft:mangrove_planks":1,"minecraft:book":18,"apotheosis:gem":3,"minecraft:stripped_mangrove_wood":8,"minecraft:cooked_porkchop":1,"minecraft:jukebox":1,"minecraft:spruce_fence":1,"minecraft:spruce_sapling":2,"minecraft:blast_furnace":4,"tombstone:grave_dust":7,"minecraft:spruce_log":1,"minecraft:stone_pressure_plate":1,"minecraft:bundle":1,"soul_like_armors_reworked:estusflask":9,"minecraft:arrow":8,"minecraft:rotten_flesh":16,"minecraft:hay_block":15,"minecraft:iron_bars":3,"minecraft:emerald":3,"minecraft:totem_of_undying":5,"minecraft:netherrack":1,"minecraft:cobblestone":3},"minecraft:mined":{"minecraft:smithing_table":1,"minecraft:potted_wither_rose":1,"minecraft:crafting_table":4,"minecraft:blast_furnace":5,"minecraft:spruce_fence":2,"minecraft:calcite":2,"minecraft:lectern":1,"minecraft:coal_block":3,"minecraft:spawner":1,"minecraft:hay_block":15,"minecraft:spruce_log":3,"minecraft:jukebox":1,"minecraft:mangrove_planks":1,"minecraft:bookshelf":5,"minecraft:iron_bars":3,"minecraft:spruce_wood":4,"minecraft:stripped_mangrove_wood":8,"minecraft:netherrack":10,"minecraft:cake":1},"minecraft:used":{"minecraft:mangrove_planks":20,"minecraft:shield":3,"minecraft:wooden_pickaxe":7,"minecraft:spruce_planks":10,"minecraft:leather_chestplate":1,"minecraft:iron_sword":109,"soul_like_armors_reworked:estusflask":14,"minecraft:crafting_table":4,"minecraft:mushroom_stew":1,"soul_like_armors_reworked:dagger":300,"minecraft:bread":35,"minecraft:leather_helmet":1,"minecraft:golden_sword":62,"minecraft:wooden_sword":21,"minecraft:golden_carrot":1,"minecraft:cooked_porkchop":1,"tombstone:gift":4,"minecraft:pumpkin_pie":5,"minecraft:golden_pickaxe":18,"minecraft:golden_axe":17,"minecraft:iron_leggings":1},"minecraft:killed":{"minecraft:evoker":5,"minecraft:vex":1,"minecraft:husk":15,"minecraft:vindicator":3,"minecraft:skeleton":5,"minecraft:pillager":2,"minecraft:zombie":2},"minecraft:broken":{"minecraft:leather_helmet":1,"minecraft:golden_helmet":1,"minecraft:golden_sword":1,"minecraft:golden_axe":1,"soul_like_armors_reworked:dagger":1,"minecraft:iron_leggings":1,"minecraft:chainmail_boots":1},"minecraft:dropped":{"minecraft:iron_nugget":6,"minecraft:bowl":1,"minecraft:rotten_flesh":6,"minecraft:flower_pot":1,"minecraft:golden_sword":1,"minecraft:gold_nugget":6,"minecraft:wooden_sword":1,"minecraft:iron_bars":2,"minecraft:arrow":3,"minecraft:wooden_pickaxe":1,"minecraft:calcite":2,"minecraft:netherrack":1,"minecraft:spruce_sapling":2,"minecraft:bone":4}},"DataVersion":3465}