{"stats":{"minecraft:crafted":{"minecraft:oak_planks":44,"travelersbackpack:diamond":1,"minecraft:glass":16,"minecraft:golden_sword":1,"minecraft:crafting_table":5,"minecraft:spruce_planks":92,"minecraft:wooden_pickaxe":1,"minecraft:iron_helmet":1,"minecraft:stick":32,"minecraft:iron_ingot":1,"minecraft:gold_ingot":6,"minecraft:wooden_sword":1,"minecraft:furnace":1,"minecraft:leather":2,"minecraft:stone_pickaxe":1,"soul_like_armors_reworked:dark_knight_helmet":1,"minecraft:golden_helmet":1,"minecraft:wheat":128,"minecraft:diamond_sword":1,"travelersbackpack:backpack_tank":2,"minecraft:iron_sword":1,"minecraft:mangrove_planks":32,"minecraft:bread":45,"minecraft:air":0,"minecraft:iron_leggings":1},"minecraft:custom":{"minecraft:interact_with_crafting_table":20,"minecraft:open_barrel":49,"minecraft:leave_game":2,"minecraft:time_since_death":18613,"minecraft:damage_resisted":309,"minecraft:sprint_one_cm":1066160,"minecraft:damage_blocked_by_shield":2175,"minecraft:drop":158,"minecraft:play_time":228518,"minecraft:deaths":41,"minecraft:jump":2797,"minecraft:walk_on_water_one_cm":5831,"minecraft:interact_with_furnace":7,"minecraft:interact_with_loom":1,"minecraft:sleep_in_bed":1,"minecraft:damage_dealt":39135,"minecraft:crouch_one_cm":13340,"tombstone:undead_killed":103,"minecraft:interact_with_smithing_table":1,"minecraft:mob_kills":177,"minecraft:interact_with_anvil":2,"minecraft:damage_dealt_resisted":0,"minecraft:climb_one_cm":9538,"minecraft:walk_one_cm":509519,"minecraft:sneak_time":5253,"minecraft:walk_under_water_one_cm":641,"minecraft:interact_with_blast_furnace":1,"minecraft:total_world_time":228518,"tombstone:raider_killed":17,"minecraft:time_since_rest":15432,"minecraft:damage_taken":20690,"minecraft:damage_absorbed":126,"minecraft:swim_one_cm":77,"minecraft:fly_one_cm":672995,"minecraft:open_chest":99,"minecraft:fall_one_cm":42790},"minecraft:killed_by":{"minecraft:pillager":1,"minecraft:vindicator":22,"minecraft:cave_spider":2,"minecraft:vex":6,"minecraft:husk":5,"minecraft:stray":2,"minecraft:skeleton":2},"minecraft:picked_up":{"minecraft:wheat":7,"minecraft:chainmail_boots":3,"minecraft:flower_pot":2,"minecraft:smithing_table":1,"minecraft:wither_rose":1,"minecraft:enchanted_book":1,"minecraft:stone_brick_stairs":1,"minecraft:golden_sword":1,"minecraft:music_disc_cat":2,"minecraft:string":12,"minecraft:iron_leggings":1,"minecraft:spruce_planks":62,"minecraft:calcite":2,"minecraft:coal_block":3,"minecraft:iron_boots":1,"minecraft:golden_helmet":2,"minecraft:tipped_arrow":2,"minecraft:stick":7,"apotheosis:gem":7,"minecraft:jukebox":2,"minecraft:polished_deepslate_stairs":2,"minecraft:torch":1,"tombstone:grave_dust":18,"minecraft:golden_chestplate":2,"minecraft:rabbit_foot":1,"minecraft:rotten_flesh":201,"minecraft:iron_bars":15,"minecraft:cobblestone":26,"minecraft:leather_chestplate":1,"minecraft:potato":19,"minecraft:flint":1,"minecraft:dirt":37,"minecraft:leather_boots":1,"minecraft:purple_carpet":3,"minecraft:bone":29,"minecraft:bow":1,"soul_like_armors_reworked:dark_knight_helmet":3,"soul_like_armors_reworked:rustysteel_boots":1,"minecraft:mossy_stone_bricks":1,"minecraft:rabbit":12,"minecraft:mossy_stone_brick_stairs":1,"minecraft:cooked_porkchop":1,"minecraft:music_disc_13":1,"patchouli:guide_book":1,"minecraft:oak_pressure_plate":1,"minecraft:sand":36,"soul_like_armors_reworked:dark_knight_leggings":3,"minecraft:mossy_cobblestone":1,"minecraft:bundle":2,"minecraft:sugar":4,"minecraft:soul_lantern":1,"minecraft:bread":47,"minecraft:emerald":7,"minecraft:netherrack":1,"minecraft:bricks":88,"iceandfire:raw_silver":2,"minecraft:crafting_table":4,"minecraft:purple_wool":16,"minecraft:golden_pickaxe":2,"soul_like_armors_reworked:darkknightsword":2,"minecraft:shield":3,"soul_like_armors_reworked:darkknightshield":1,"minecraft:iron_axe":2,"minecraft:quartz_slab":1,"minecraft:cracked_stone_bricks":3,"minecraft:beef":13,"minecraft:lectern":1,"minecraft:chest":2,"minecraft:egg":2,"minecraft:stripped_mangrove_wood":8,"minecraft:spruce_fence":1,"minecraft:redstone":1,"minecraft:carrot":1,"soul_like_armors_reworked:rustysteel_helmet":5,"minecraft:stone_pressure_plate":1,"minecraft:dark_oak_planks":7,"soul_like_armors_reworked:estusflask":33,"minecraft:arrow":31,"minecraft:hay_block":15,"minecraft:totem_of_undying":6,"minecraft:mutton":2,"minecraft:white_wool":6,"minecraft:leather":11,"minecraft:mushroom_stew":1,"minecraft:oak_log":8,"tombstone:gift":1,"minecraft:stone_bricks":3,"minecraft:rabbit_hide":8,"minecraft:spruce_wood":16,"minecraft:iron_ingot":7,"tombstone:bag_of_seeds":1,"minecraft:glass_bottle":4,"minecraft:mangrove_planks":1,"minecraft:iron_sword":1,"minecraft:book":63,"minecraft:spruce_sapling":5,"minecraft:blast_furnace":4,"minecraft:spruce_log":8,"soul_like_armors_reworked:rustysteelmace":1,"minecraft:spider_eye":5,"minecraft:leather_helmet":1,"minecraft:oak_wood":4,"soul_like_armors_reworked:dark_knight_chestplate":2,"minecraft:chainmail_leggings":1,"minecraft:iron_helmet":1,"tombstone:magic_scroll":5,"minecraft:melon_seeds":1,"soul_like_armors_reworked:rustysteel_leggings":1,"minecraft:coal":16,"minecraft:ender_pearl":1},"minecraft:mined":{"minecraft:dark_oak_planks":6,"minecraft:spruce_planks":11,"minecraft:stone_pressure_plate":1,"minecraft:black_terracotta":2,"minecraft:grass_block":6,"minecraft:oak_pressure_plate":1,"minecraft:coal_block":3,"minecraft:spawner":19,"minecraft:quartz_slab":2,"minecraft:iron_bars":13,"minecraft:purple_carpet":1,"minecraft:light_gray_concrete":4,"minecraft:spruce_wood":16,"minecraft:stripped_mangrove_wood":8,"farmersdelight:wild_potatoes":13,"minecraft:gray_terracotta":4,"minecraft:cyan_terracotta":6,"minecraft:polished_deepslate_stairs":2,"minecraft:melon_stem":1,"minecraft:torch":1,"minecraft:blast_furnace":5,"minecraft:calcite":2,"minecraft:cobblestone":1,"minecraft:bricks":93,"minecraft:dark_oak_slab":1,"minecraft:jukebox":1,"minecraft:stone_brick_stairs":2,"minecraft:oak_log":8,"minecraft:sand":36,"minecraft:dirt":15,"minecraft:netherrack":10,"minecraft:oak_leaves":3,"iceandfire:silver_ore":1,"minecraft:potted_wither_rose":1,"minecraft:purple_terracotta":4,"minecraft:spruce_fence":2,"minecraft:large_fern":2,"minecraft:hay_block":15,"minecraft:black_glazed_terracotta":2,"minecraft:polished_deepslate":2,"minecraft:mossy_stone_brick_stairs":1,"minecraft:bookshelf":21,"minecraft:potatoes":2,"minecraft:vine":4,"minecraft:stone":18,"minecraft:white_wool":5,"minecraft:cake":1,"minecraft:smithing_table":1,"minecraft:red_wool":1,"minecraft:crafting_table":4,"minecraft:oak_wood":4,"minecraft:lectern":1,"minecraft:purple_wool":5,"minecraft:spruce_log":10,"minecraft:mangrove_planks":1,"minecraft:black_wool":1,"minecraft:coal_ore":6,"minecraft:cobweb":8,"minecraft:cracked_stone_bricks":3,"minecraft:stone_bricks":5,"minecraft:fern":2},"minecraft:used":{"minecraft:shield":27,"minecraft:iron_sword":251,"travelersbackpack:diamond":2,"minecraft:rotten_flesh":14,"minecraft:mutton":2,"minecraft:carrot":1,"minecraft:bricks":91,"minecraft:iron_helmet":1,"minecraft:golden_sword":62,"minecraft:furnace":1,"minecraft:egg":1,"minecraft:potato":12,"minecraft:mossy_stone_bricks":1,"minecraft:diamond_boots":4,"minecraft:stone_pickaxe":6,"minecraft:mangrove_planks":20,"minecraft:oak_planks":26,"minecraft:leather_chestplate":1,"minecraft:wooden_pickaxe":7,"tombstone:scroll_of_true_sight":1,"minecraft:golden_apple":1,"minecraft:mushroom_stew":1,"soul_like_armors_reworked:rustysteel_boots":1,"minecraft:bread":97,"minecraft:oak_pressure_plate":1,"minecraft:soul_lantern":1,"minecraft:diamond_sword":599,"minecraft:wooden_sword":21,"minecraft:chainmail_boots":1,"minecraft:golden_pickaxe":32,"minecraft:experience_bottle":28,"minecraft:iron_bars":4,"minecraft:spruce_planks":108,"soul_like_armors_reworked:estusflask":37,"minecraft:torch":1,"minecraft:dirt":5,"minecraft:dark_oak_planks":3,"soul_like_armors_reworked:dagger":300,"minecraft:iron_axe":4,"minecraft:iron_boots":1,"minecraft:totem_of_undying":2,"minecraft:melon_seeds":1,"minecraft:golden_carrot":1,"tombstone:gift":8,"minecraft:cooked_beef":15,"minecraft:golden_axe":17,"minecraft:iron_leggings":1,"minecraft:cooked_mutton":3,"minecraft:rabbit":7,"minecraft:crafting_table":8,"minecraft:oak_log":1,"tombstone:bag_of_seeds":1,"minecraft:apple":1,"minecraft:iron_pickaxe":174,"minecraft:leather_helmet":1,"minecraft:potion":2,"travelersbackpack:standard":4,"minecraft:cooked_porkchop":1,"minecraft:pumpkin_pie":5,"minecraft:jukebox":1,"minecraft:diamond_leggings":1},"minecraft:broken":{"minecraft:golden_helmet":1,"minecraft:iron_leggings":1,"minecraft:chainmail_boots":1,"minecraft:golden_sword":1,"minecraft:iron_sword":1,"minecraft:leather_helmet":1,"soul_like_armors_reworked:dagger":1,"minecraft:golden_axe":1,"minecraft:iron_helmet":2,"minecraft:golden_pickaxe":1},"minecraft:killed":{"minecraft:cave_spider":17,"minecraft:witch":1,"minecraft:spider":5,"minecraft:skeleton":10,"minecraft:creeper":2,"minecraft:pillager":3,"minecraft:zombie":70,"minecraft:stray":8,"minecraft:cow":13,"minecraft:evoker":6,"minecraft:vex":1,"minecraft:vindicator":7,"minecraft:husk":15,"minecraft:rabbit":10,"minecraft:bat":1},"minecraft:dropped":{"minecraft:iron_sword":1,"minecraft:cooked_beef":1,"minecraft:golden_pickaxe":2,"minecraft:glass_bottle":5,"soul_like_armors_reworked:estusflask":1,"soul_like_armors_reworked:rustysteelmace":1,"minecraft:mossy_stone_brick_stairs":1,"minecraft:cracked_stone_bricks":1,"travelersbackpack:standard":1,"minecraft:leather_helmet":1,"minecraft:flint":1,"minecraft:dirt":16,"minecraft:gold_nugget":6,"minecraft:wooden_sword":1,"minecraft:glistering_melon_slice":12,"minecraft:sugar":4,"minecraft:purple_wool":16,"minecraft:dark_oak_planks":4,"minecraft:bone":20,"minecraft:iron_nugget":6,"minecraft:golden_chestplate":2,"soul_like_armors_reworked:rustysteel_helmet":2,"minecraft:rotten_flesh":181,"minecraft:oak_planks":6,"minecraft:rabbit_foot":1,"patchouli:guide_book":1,"minecraft:leather_chestplate":1,"minecraft:tipped_arrow":1,"apotheosis:gem":3,"soul_like_armors_reworked:dark_knight_helmet":1,"minecraft:chest":2,"minecraft:chainmail_boots":3,"minecraft:iron_bars":8,"minecraft:arrow":14,"soul_like_armors_reworked:dark_knight_chestplate":2,"minecraft:stone_brick_stairs":1,"minecraft:netherrack":1,"minecraft:egg":1,"minecraft:bread":9,"minecraft:golden_helmet":2,"minecraft:mossy_cobblestone":1,"minecraft:diamond_leggings":1,"minecraft:iron_helmet":1,"minecraft:cobblestone":10,"soul_like_armors_reworked:rustysteel_leggings":1,"soul_like_armors_reworked:rustysteel_boots":1,"minecraft:stick":6,"minecraft:iron_leggings":1,"soul_like_armors_reworked:dark_knight_leggings":3,"minecraft:iron_axe":1,"minecraft:chainmail_leggings":1,"minecraft:string":12,"minecraft:music_disc_cat":1,"minecraft:spruce_sapling":5,"minecraft:jukebox":1,"minecraft:bowl":1,"minecraft:iron_boots":1,"soul_like_armors_reworked:darkknightshield":1,"minecraft:shield":3,"minecraft:flower_pot":1,"soul_like_armors_reworked:darkknightsword":2,"minecraft:diamond_chestplate":1,"minecraft:spruce_planks":30,"minecraft:golden_sword":1,"minecraft:spider_eye":5,"minecraft:stone_bricks":3,"minecraft:diamond_boots":1,"minecraft:spruce_log":1,"minecraft:bow":1,"minecraft:wooden_pickaxe":1,"minecraft:calcite":2,"minecraft:quartz_slab":1}},"DataVersion":3465}