{"stats":{"minecraft:crafted":{"minecraft:wooden_sword":1,"minecraft:spruce_planks":20,"minecraft:wooden_pickaxe":1,"minecraft:mangrove_planks":32,"minecraft:stick":16,"minecraft:golden_sword":1},"minecraft:custom":{"minecraft:interact_with_smithing_table":1,"minecraft:mob_kills":20,"minecraft:interact_with_anvil":1,"minecraft:interact_with_crafting_table":3,"minecraft:open_barrel":15,"minecraft:interact_with_loom":1,"minecraft:time_since_death":15253,"minecraft:damage_resisted":0,"minecraft:climb_one_cm":2790,"minecraft:time_since_rest":14791,"minecraft:sprint_one_cm":105856,"minecraft:damage_blocked_by_shield":135,"minecraft:damage_taken":3364,"minecraft:walk_one_cm":97020,"minecraft:drop":9,"minecraft:damage_dealt":6932,"minecraft:fly_one_cm":55626,"minecraft:open_chest":4,"minecraft:crouch_one_cm":1159,"minecraft:play_time":41776,"tombstone:undead_killed":20,"minecraft:deaths":8,"minecraft:sneak_time":524,"minecraft:jump":287,"minecraft:interact_with_blast_furnace":1,"minecraft:walk_on_water_one_cm":1575,"minecraft:total_world_time":41776,"minecraft:fall_one_cm":1813},"minecraft:killed_by":{"minecraft:husk":5,"minecraft:vindicator":2,"minecraft:pillager":1},"minecraft:picked_up":{"minecraft:crafting_table":4,"minecraft:flower_pot":2,"minecraft:smithing_table":1,"minecraft:wither_rose":1,"minecraft:mushroom_stew":1,"minecraft:bone":4,"minecraft:spruce_wood":4,"minecraft:calcite":2,"minecraft:lectern":1,"minecraft:coal_block":3,"minecraft:mangrove_planks":1,"minecraft:book":3,"minecraft:stripped_mangrove_wood":8,"minecraft:cooked_porkchop":1,"minecraft:jukebox":1,"minecraft:spruce_fence":1,"minecraft:spruce_sapling":2,"minecraft:blast_furnace":4,"tombstone:grave_dust":7,"minecraft:spruce_log":1,"minecraft:stone_pressure_plate":1,"soul_like_armors_reworked:estusflask":5,"minecraft:arrow":3,"minecraft:rotten_flesh":16,"minecraft:hay_block":15,"minecraft:netherrack":1},"minecraft:mined":{"minecraft:smithing_table":1,"minecraft:potted_wither_rose":1,"minecraft:crafting_table":4,"minecraft:blast_furnace":5,"minecraft:spruce_fence":2,"minecraft:calcite":2,"minecraft:lectern":1,"minecraft:coal_block":3,"minecraft:spawner":1,"minecraft:hay_block":15,"minecraft:spruce_log":3,"minecraft:jukebox":1,"minecraft:mangrove_planks":1,"minecraft:bookshelf":1,"minecraft:spruce_wood":4,"minecraft:stripped_mangrove_wood":8,"minecraft:netherrack":10,"minecraft:cake":1},"minecraft:used":{"minecraft:mangrove_planks":20,"minecraft:shield":2,"minecraft:wooden_pickaxe":7,"minecraft:spruce_planks":7,"minecraft:leather_chestplate":1,"soul_like_armors_reworked:estusflask":7,"minecraft:crafting_table":3,"minecraft:mushroom_stew":1,"soul_like_armors_reworked:dagger":300,"minecraft:bread":10,"minecraft:leather_helmet":1,"minecraft:golden_sword":46,"minecraft:wooden_sword":21,"minecraft:golden_carrot":1,"minecraft:cooked_porkchop":1,"tombstone:gift":4,"minecraft:pumpkin_pie":5,"minecraft:golden_pickaxe":15,"minecraft:golden_axe":17,"minecraft:iron_leggings":1},"minecraft:killed":{"minecraft:husk":15,"minecraft:skeleton":4,"minecraft:zombie":1},"minecraft:broken":{"minecraft:leather_helmet":1,"minecraft:golden_sword":1,"minecraft:golden_axe":1,"soul_like_armors_reworked:dagger":1},"minecraft:dropped":{"minecraft:bowl":1,"minecraft:rotten_flesh":6,"minecraft:flower_pot":1,"minecraft:wooden_sword":1,"minecraft:wooden_pickaxe":1,"minecraft:calcite":2,"minecraft:netherrack":1,"minecraft:spruce_sapling":2,"minecraft:bone":2}},"DataVersion":3465}