{"stats":{"minecraft:crafted":{"minecraft:mangrove_planks":8,"minecraft:dark_oak_planks":4,"minecraft:crafting_table":1,"minecraft:stick":4,"minecraft:wooden_pickaxe":1},"minecraft:custom":{"minecraft:open_barrel":3,"minecraft:time_since_rest":29080,"tombstone:undead_killed":2,"minecraft:sprint_one_cm":543,"minecraft:interact_with_loom":1,"minecraft:play_time":29080,"minecraft:damage_taken":402,"minecraft:walk_one_cm":71483,"minecraft:sneak_time":23,"minecraft:mob_kills":2,"minecraft:jump":47,"minecraft:damage_dealt":814,"minecraft:leave_game":2,"minecraft:time_since_death":29080,"minecraft:climb_one_cm":1094,"minecraft:total_world_time":29080,"minecraft:interact_with_crafting_table":1,"minecraft:fall_one_cm":209,"minecraft:fly_one_cm":381},"minecraft:picked_up":{"soul_like_armors_reworked:estusflask":2,"minecraft:stripped_mangrove_wood":2,"minecraft:arrow":1,"minecraft:bone":2,"minecraft:rotten_flesh":4,"tombstone:magic_scroll":1,"soul_like_armors_reworked:rustysteelmace":1,"minecraft:stripped_dark_oak_log":1},"minecraft:mined":{"minecraft:stripped_dark_oak_log":1,"minecraft:stripped_mangrove_wood":2,"minecraft:spawner":1},"minecraft:used":{"soul_like_armors_reworked:dagger":55,"minecraft:crafting_table":1,"minecraft:chainmail_chestplate":1,"minecraft:wooden_pickaxe":1,"soul_like_armors_reworked:estusflask":5,"minecraft:chainmail_leggings":1},"minecraft:killed":{"minecraft:husk":2}},"DataVersion":3465}