{"stats":{"minecraft:crafted":{"minecraft:crafting_table":1,"minecraft:spruce_planks":16,"minecraft:stick":4,"minecraft:wooden_pickaxe":1,"minecraft:mangrove_planks":8,"minecraft:dark_oak_planks":4},"minecraft:custom":{"minecraft:time_since_rest":1,"minecraft:sprint_one_cm":14185,"minecraft:damage_taken":1409,"minecraft:walk_one_cm":121892,"minecraft:mob_kills":5,"minecraft:drop":1,"minecraft:damage_dealt":1837,"minecraft:fly_one_cm":9170,"minecraft:interact_with_crafting_table":1,"minecraft:open_barrel":4,"minecraft:open_chest":2,"minecraft:play_time":41080,"minecraft:interact_with_loom":1,"tombstone:undead_killed":5,"minecraft:deaths":3,"minecraft:sneak_time":24,"minecraft:jump":139,"minecraft:leave_game":2,"minecraft:walk_on_water_one_cm":19,"minecraft:time_since_death":1090,"minecraft:total_world_time":41080,"minecraft:climb_one_cm":1094,"minecraft:fall_one_cm":2661},"minecraft:killed_by":{"minecraft:vindicator":1,"minecraft:husk":1},"minecraft:picked_up":{"minecraft:stripped_mangrove_wood":2,"tombstone:grave_dust":4,"minecraft:spruce_log":4,"soul_like_armors_reworked:rustysteelmace":1,"soul_like_armors_reworked:estusflask":4,"minecraft:bone":3,"minecraft:arrow":3,"minecraft:rotten_flesh":6,"tombstone:magic_scroll":1,"minecraft:stripped_dark_oak_log":1},"minecraft:mined":{"minecraft:large_fern":1,"minecraft:stripped_dark_oak_log":1,"minecraft:spruce_log":5,"minecraft:spruce_leaves":2,"minecraft:stripped_mangrove_wood":2,"minecraft:spawner":1},"minecraft:used":{"soul_like_armors_reworked:dagger":98,"minecraft:bread":1,"minecraft:spruce_planks":15,"minecraft:wooden_pickaxe":1,"soul_like_armors_reworked:estusflask":7,"minecraft:iron_chestplate":1,"minecraft:crafting_table":1,"minecraft:chainmail_chestplate":1,"soul_like_armors_reworked:rustysteelmace":19,"minecraft:chainmail_leggings":1},"minecraft:killed":{"minecraft:husk":5},"minecraft:dropped":{"soul_like_armors_reworked:estusflask":2}},"DataVersion":3465}