{"stats":{"minecraft:dropped":{"minecraft:iron_sword":1,"minecraft:stripped_mangrove_wood":5,"minecraft:cooked_beef":7,"iceandfire:dragonscales_silver":2,"minecraft:glass_bottle":1,"soul_like_armors_reworked:estusflask":5,"iceandfire:fire_dragon_flesh":1,"minecraft:leather":1,"minecraft:mangrove_planks":2,"soul_like_armors_reworked:dark_knight_boots":3,"minecraft:dirt":79,"tombstone:bag_of_seeds":1,"farmersdelight:salmon_slice":24,"minecraft:gold_nugget":3,"iceandfire:ash":2,"minecraft:iron_pickaxe":1,"minecraft:dark_oak_planks":1,"minecraft:cyan_carpet":1,"minecraft:bone":7,"minecraft:gold_ingot":7,"minecraft:gravel":6,"minecraft:iron_nugget":4,"minecraft:cobbled_deepslate":1,"minecraft:soul_lantern":1,"tombstone:gift":1,"soul_like_armors_reworked:rustysteel_helmet":4,"minecraft:rotten_flesh":64,"minecraft:chainmail_chestplate":1,"minecraft:leather_chestplate":1,"minecraft:tipped_arrow":1,"minecraft:trident":1,"minecraft:gunpowder":1,"apotheosis:gem":1,"soul_like_armors_reworked:dagger":1,"minecraft:chest":1,"minecraft:ladder":2,"minecraft:spruce_slab":1,"minecraft:iron_bars":11,"minecraft:arrow":21,"minecraft:beef":11,"minecraft:netherrack":1,"minecraft:egg":2,"minecraft:golden_boots":2,"minecraft:iron_ingot":7,"minecraft:bread":129,"minecraft:wheat_seeds":11,"minecraft:mangrove_trapdoor":1,"minecraft:dripstone_block":3,"minecraft:cobblestone":201,"soul_like_armors_reworked:rustysteel_boots":1,"minecraft:coal":26,"minecraft:stick":1,"farmersdelight:golden_knife":1,"minecraft:diorite":1,"tombstone:grave_key":1,"minecraft:wooden_axe":1,"tombstone:grave_dust":11,"minecraft:diamond_helmet":1,"minecraft:potion":2,"minecraft:iron_leggings":3,"iceandfire:ice_dragon_heart":1,"soul_like_armors_reworked:dark_knight_leggings":2,"minecraft:iron_axe":5,"minecraft:string":10,"iceandfire:silver_nugget":2,"minecraft:player_head":1,"minecraft:raw_copper":102,"minecraft:totem_of_undying":1,"minecraft:shield":3,"soul_like_armors_reworked:darkknighttrident":1,"minecraft:spruce_planks":64,"minecraft:iron_chestplate":1,"minecraft:golden_leggings":1,"minecraft:golden_sword":2,"minecraft:spider_eye":3,"minecraft:stone_bricks":2,"minecraft:wooden_pickaxe":3,"minecraft:calcite":4,"minecraft:cooked_rabbit":10,"minecraft:magenta_terracotta":1},"minecraft:killed":{"minecraft:cave_spider":2,"minecraft:spider":9,"minecraft:skeleton":22,"minecraft:illusioner":2,"minecraft:salmon":14,"minecraft:creeper":4,"minecraft:pillager":6,"minecraft:zombie":47,"minecraft:stray":11,"minecraft:cow":9,"minecraft:evoker":1,"minecraft:vex":4,"minecraft:vindicator":11,"iceandfire:fire_dragon":1,"minecraft:drowned":1,"minecraft:husk":46,"minecraft:squid":12,"iceandfire:ghost":1,"minecraft:wither_skeleton":2,"minecraft:enderman":1},"minecraft:picked_up":{"minecraft:chainmail_boots":1,"minecraft:flower_pot":3,"farmersdelight:rice_panicle":1,"minecraft:oak_stairs":3,"alexscaves:cave_tablet":4,"minecraft:potion":2,"minecraft:enchanted_book":1,"minecraft:stone_brick_stairs":2,"minecraft:golden_sword":2,"farmersdelight:cutting_board":2,"minecraft:polished_deepslate":2,"minecraft:string":18,"minecraft:raw_copper":1049,"minecraft:red_nether_bricks":1,"minecraft:iron_leggings":2,"minecraft:armor_stand":1,"minecraft:diamond_leggings":2,"minecraft:gold_nugget":6,"minecraft:cobbled_deepslate":9,"minecraft:spruce_planks":30,"minecraft:calcite":6,"farmersdelight:cabbage_seeds":8,"minecraft:furnace":2,"minecraft:tipped_arrow":10,"minecraft:stick":42,"apotheosis:gem":12,"minecraft:torch":64,"minecraft:pointed_dripstone":45,"tombstone:grave_dust":27,"minecraft:diorite":13,"travelersbackpack:crafting_upgrade":1,"minecraft:rabbit_foot":1,"minecraft:rotten_flesh":86,"minecraft:vex_armor_trim_smithing_template":1,"farmersdelight:rope":53,"minecraft:obsidian":1,"minecraft:iron_bars":23,"minecraft:snowball":14,"minecraft:cobblestone":19328,"minecraft:enchanting_table":3,"minecraft:leather_chestplate":2,"minecraft:cooked_beef":3,"minecraft:golden_leggings":1,"minecraft:potato":113,"alexscaves:cave_book":1,"minecraft:flint":45,"create:raw_zinc":18,"minecraft:mangrove_slab":2,"minecraft:magenta_terracotta":3,"minecraft:dirt":2672,"minecraft:bone":28,"minecraft:bow":3,"minecraft:wheat_seeds":46,"soul_like_armors_reworked:rustysteel_boots":4,"minecraft:mossy_stone_bricks":1,"minecraft:diamond_helmet":3,"minecraft:oak_planks":4,"minecraft:poisonous_potato":1,"minecraft:sand":18,"soul_like_armors_reworked:dark_knight_leggings":3,"minecraft:ink_sac":23,"minecraft:cyan_bed":3,"minecraft:mossy_cobblestone":1,"minecraft:bundle":2,"soul_like_armors_reworked:dark_knight_boots":3,"minecraft:diamond":7,"minecraft:soul_lantern":1,"tombstone:tablet_of_recall":1,"iceandfire:dragon_ice":1,"minecraft:granite":3,"minecraft:bone_meal":13,"minecraft:golden_horse_armor":1,"minecraft:emerald":22,"minecraft:bread":189,"minecraft:netherrack":4,"minecraft:oak_sapling":18,"minecraft:bricks":3,"iceandfire:silver_nugget":16,"iceandfire:raw_silver":23,"minecraft:crafting_table":2,"minecraft:ladder":4,"minecraft:leather_leggings":2,"minecraft:brown_mushroom":1,"minecraft:wooden_pickaxe":2,"minecraft:cooked_rabbit":5,"soul_like_armors_reworked:darkknightsword":2,"minecraft:shield":3,"minecraft:cornflower":1,"soul_like_armors_reworked:darkknightshield":2,"iceandfire:frozen_splinters":1,"minecraft:iron_axe":4,"minecraft:cyan_carpet":4,"minecraft:cracked_stone_bricks":1,"minecraft:beef":23,"minecraft:player_head":2,"minecraft:iron_nugget":4,"minecraft:poppy":1,"minecraft:spruce_slab":3,"minecraft:sugar_cane":33,"minecraft:chest":1,"minecraft:diamond_hoe":1,"iceandfire:ice_dragon_heart":1,"minecraft:egg":2,"minecraft:raw_iron":13,"iceandfire:dragonbone":6,"minecraft:stripped_mangrove_wood":10,"farmersdelight:tomato_seeds":8,"minecraft:trident":2,"minecraft:carrot":5,"soul_like_armors_reworked:rustysteel_helmet":4,"minecraft:mangrove_trapdoor":1,"minecraft:stone_pressure_plate":1,"minecraft:purple_terracotta":5,"minecraft:dark_oak_planks":3,"iceandfire:dragon_skull_ice":1,"soul_like_armors_reworked:estusflask":27,"minecraft:arrow":57,"minecraft:diamond_chestplate":2,"minecraft:nether_bricks":2,"iceandfire:dragonscales_silver":15,"minecraft:hay_block":5,"alexscaves:spelunkery_table":1,"minecraft:totem_of_undying":1,"tombstone:essence_of_undeath":1,"minecraft:gold_ingot":13,"minecraft:mutton":2,"minecraft:white_wool":1,"minecraft:tripwire_hook":2,"minecraft:salmon":14,"minecraft:leather":9,"soul_like_armors_reworked:darkknighttrident":4,"minecraft:oak_log":145,"iceandfire:ectoplasm":1,"farmersdelight:salmon_slice":24,"minecraft:golden_boots":3,"minecraft:gunpowder":8,"tombstone:gift":6,"minecraft:stone_bricks":10,"minecraft:spruce_wood":10,"minecraft:iron_ingot":1,"tombstone:tablet_of_guard":1,"minecraft:cooked_chicken":2,"tombstone:bag_of_seeds":1,"minecraft:mangrove_planks":1,"minecraft:iron_sword":2,"travelersbackpack:blank_upgrade":3,"minecraft:soul_sand":3,"minecraft:book":18,"iceandfire:ash":2,"minecraft:dripstone_block":147,"minecraft:gravel":566,"minecraft:spruce_sapling":28,"minecraft:white_bed":2,"minecraft:spruce_log":428,"travelersbackpack:purple_sleeping_bag":1,"soul_like_armors_reworked:rustysteelmace":2,"minecraft:spider_eye":3,"minecraft:leather_helmet":1,"travelersbackpack:standard":2,"minecraft:oak_wood":1,"minecraft:diamond_shovel":1,"iceandfire:ice_dragon_flesh":1,"tombstone:magic_scroll":6,"soul_like_armors_reworked:rustysteel_leggings":2,"minecraft:stripped_dark_oak_log":1,"minecraft:coal":198,"minecraft:ender_pearl":2},"minecraft:mined":{"minecraft:dark_oak_planks":5,"create:deepslate_zinc_ore":1,"minecraft:stone_pressure_plate":1,"minecraft:white_bed":2,"minecraft:red_nether_bricks":2,"minecraft:obsidian":1,"minecraft:granite":27,"minecraft:grass_block":1267,"minecraft:spawner":22,"minecraft:iron_ore":12,"minecraft:fire":9,"minecraft:nether_brick_stairs":1,"minecraft:enchanting_table":2,"minecraft:pointed_dripstone":10,"minecraft:iron_bars":10,"farmersdelight:rice_panicles":1,"minecraft:spruce_wood":11,"minecraft:stripped_mangrove_wood":11,"minecraft:player_head":2,"minecraft:spruce_slab":2,"minecraft:quartz_block":7,"iceandfire:dragon_ice_spikes":3,"minecraft:torch":23,"minecraft:calcite":6,"minecraft:cobblestone":31,"minecraft:cyan_bed":3,"minecraft:oak_planks":4,"minecraft:sugar_cane":6,"minecraft:iron_door":1,"minecraft:wall_torch":19,"farmersdelight:cutting_board":2,"minecraft:wheat":2,"minecraft:tnt":2,"minecraft:stone_brick_stairs":2,"minecraft:grass":28,"minecraft:oak_log":141,"minecraft:sand":16,"minecraft:dirt":1187,"minecraft:tripwire_hook":2,"minecraft:netherrack":1,"minecraft:deepslate":27,"minecraft:oak_leaves":9,"create:zinc_ore":17,"iceandfire:silver_ore":16,"minecraft:mossy_cobblestone":2,"minecraft:ladder":2,"minecraft:nether_bricks":5,"iceandfire:frozen_splinters":1,"minecraft:mangrove_trapdoor":1,"minecraft:spruce_leaves":403,"minecraft:large_fern":3,"minecraft:hay_block":5,"minecraft:furnace":1,"minecraft:andesite":3,"minecraft:bookshelf":7,"minecraft:potatoes":31,"minecraft:vine":6,"minecraft:stone":16400,"minecraft:soul_sand":5,"minecraft:stripped_dark_oak_log":1,"minecraft:dandelion":1,"travelersbackpack:standard":1,"minecraft:crafting_table":2,"minecraft:emerald_ore":5,"minecraft:oak_wood":1,"minecraft:copper_ore":197,"minecraft:tall_grass":6,"minecraft:diorite":12,"minecraft:magenta_terracotta":2,"minecraft:spruce_log":425,"minecraft:mangrove_planks":1,"minecraft:mangrove_slab":2,"minecraft:coal_ore":206,"minecraft:gravel":507,"minecraft:cyan_carpet":3,"minecraft:dripstone_block":142,"minecraft:cracked_stone_bricks":1,"minecraft:stone_bricks":5,"minecraft:mossy_stone_bricks":2},"minecraft:custom":{"minecraft:interact_with_crafting_table":45,"minecraft:open_barrel":32,"goblintraders:trade_with_goblin":32,"minecraft:bell_ring":1,"minecraft:eat_cake_slice":10,"minecraft:leave_game":12,"minecraft:time_since_death":258715,"minecraft:damage_resisted":374,"minecraft:sprint_one_cm":1658255,"minecraft:damage_blocked_by_shield":3480,"minecraft:drop":173,"minecraft:talked_to_villager":4,"minecraft:play_time":709482,"minecraft:deaths":66,"minecraft:jump":6283,"minecraft:walk_on_water_one_cm":43106,"minecraft:interact_with_furnace":21,"minecraft:interact_with_loom":1,"minecraft:sleep_in_bed":21,"minecraft:damage_dealt":47843,"minecraft:player_kills":3,"minecraft:crouch_one_cm":43418,"tombstone:undead_killed":130,"minecraft:interact_with_smithing_table":7,"minecraft:mob_kills":210,"minecraft:damage_dealt_resisted":0,"minecraft:climb_one_cm":19176,"minecraft:walk_one_cm":2988734,"minecraft:sneak_time":14418,"minecraft:walk_under_water_one_cm":63434,"minecraft:total_world_time":709482,"tombstone:raider_killed":20,"minecraft:tune_noteblock":1,"minecraft:time_since_rest":25562,"minecraft:damage_taken":25880,"minecraft:damage_absorbed":1593,"minecraft:trigger_trapped_chest":1,"tombstone:cast_on_ally":1,"minecraft:swim_one_cm":76525,"minecraft:fly_one_cm":2142247,"minecraft:open_chest":368,"minecraft:fall_one_cm":106401},"minecraft:crafted":{"minecraft:oak_planks":568,"iceandfire:armor_silver_boots":1,"minecraft:glass":12,"minecraft:diamond_leggings":1,"minecraft:chest":9,"minecraft:cooked_rabbit":5,"farmersdelight:cooked_salmon_slice":26,"travelersbackpack:iron_tier_upgrade":1,"iceandfire:armor_silver_leggings":1,"minecraft:diamond_axe":1,"minecraft:crafting_table":4,"minecraft:spruce_planks":1732,"travelersbackpack:standard":2,"minecraft:wooden_pickaxe":2,"soul_like_armors_reworked:darkknightshield":1,"iceandfire:armor_gray_chestplate":1,"farmersdelight:cutting_board":1,"farmersdelight:golden_knife":1,"minecraft:diamond_pickaxe":1,"minecraft:shield":1,"minecraft:stick":400,"minecraft:iron_pickaxe":1,"minecraft:wooden_sword":1,"vanillaplustools:stone_hammer":18,"minecraft:furnace":1,"minecraft:bone_meal":57,"travelersbackpack:gold_tier_upgrade":1,"soul_like_armors_reworked:rustysteel_boots":1,"farmersdelight:rice":1,"minecraft:stone_pickaxe":157,"minecraft:dark_oak_planks":4,"minecraft:wheat":45,"minecraft:cooked_beef":15,"travelersbackpack:backpack_tank":2,"soul_like_armors_reworked:darkknighttrident":1,"minecraft:mangrove_planks":20,"minecraft:air":0,"minecraft:bread":15,"minecraft:flint":64,"minecraft:wooden_axe":1,"minecraft:torch":400,"minecraft:diamond_chestplate":1},"minecraft:broken":{"minecraft:diamond_helmet":1,"minecraft:iron_boots":1,"minecraft:iron_chestplate":1,"minecraft:chainmail_boots":1,"minecraft:wooden_sword":1,"minecraft:iron_sword":1,"soul_like_armors_reworked:rustysteelmace":1,"minecraft:diamond_chestplate":2,"minecraft:chainmail_leggings":1,"minecraft:diamond_leggings":1,"minecraft:leather_chestplate":1,"minecraft:shield":1,"vanillaplustools:stone_hammer":13,"minecraft:iron_helmet":1},"minecraft:killed_by":{"minecraft:evoker":1,"minecraft:creeper":1,"minecraft:vindicator":24,"iceandfire:ice_dragon":3,"minecraft:zombie":8,"iceandfire:fire_dragon":3,"minecraft:vex":6,"minecraft:illusioner":1,"minecraft:husk":9,"minecraft:player":1,"minecraft:skeleton":5},"minecraft:used":{"minecraft:polished_deepslate":2,"minecraft:spruce_slab":2,"iceandfire:dragon_skull_ice":1,"minecraft:diamond_hoe":353,"minecraft:chest":8,"minecraft:shield":23,"minecraft:iron_sword":313,"minecraft:stone":62,"minecraft:player_head":1,"minecraft:rotten_flesh":2,"minecraft:iron_chestplate":1,"minecraft:soul_sand":3,"minecraft:carrot":23,"minecraft:snowball":14,"minecraft:obsidian":1,"minecraft:bricks":2,"minecraft:stone_brick_stairs":2,"minecraft:stone_bricks":72,"soul_like_armors_reworked:darkknighttrident":331,"farmersdelight:cutting_board":2,"minecraft:bow":47,"minecraft:oak_sapling":1,"minecraft:furnace":2,"minecraft:mangrove_slab":2,"minecraft:potato":31,"soul_like_armors_reworked:rustysteelmace":451,"minecraft:diorite":11,"minecraft:leather_leggings":1,"minecraft:oak_planks":8,"minecraft:wooden_pickaxe":22,"minecraft:sugar_cane":33,"minecraft:diamond_axe":707,"minecraft:golden_apple":8,"alexscaves:cave_book":1,"iceandfire:frozen_splinters":1,"minecraft:dripstone_block":9,"minecraft:bread":69,"minecraft:cyan_bed":3,"tombstone:grave_key":24,"minecraft:gravel":8,"minecraft:wooden_sword":59,"minecraft:cooked_rabbit":1,"minecraft:bone_meal":23,"minecraft:experience_bottle":17,"minecraft:trident":6,"minecraft:iron_bars":2,"minecraft:enchanting_table":1,"minecraft:spruce_planks":105,"vanillaplustools:stone_hammer":1900,"soul_like_armors_reworked:estusflask":25,"minecraft:cooked_chicken":2,"minecraft:netherrack":1,"minecraft:torch":550,"minecraft:dirt":1803,"minecraft:chainmail_chestplate":1,"minecraft:diamond_helmet":2,"minecraft:granite":3,"minecraft:dark_oak_planks":2,"minecraft:wooden_axe":7,"soul_like_armors_reworked:dagger":98,"minecraft:iron_axe":131,"minecraft:oak_stairs":3,"farmersdelight:cooked_salmon_slice":17,"iceandfire:dragon_ice":2,"alexscaves:spelunkery_table":1,"minecraft:tripwire_hook":2,"tombstone:gift":7,"minecraft:cooked_beef":11,"minecraft:cobbled_deepslate":8,"minecraft:pointed_dripstone":9,"minecraft:iron_leggings":2,"minecraft:calcite":2,"farmersdelight:golden_knife":1,"minecraft:crafting_table":5,"minecraft:white_bed":2,"minecraft:spruce_log":5,"minecraft:cake":2,"minecraft:oak_log":3,"minecraft:flower_pot":3,"minecraft:diamond_pickaxe":303,"minecraft:cornflower":1,"minecraft:apple":9,"minecraft:diamond_shovel":2974,"minecraft:iron_pickaxe":168,"tombstone:magic_scroll":13,"minecraft:spruce_sapling":16,"soul_like_armors_reworked:darkknightshield":1,"minecraft:cobblestone":1760,"minecraft:potion":11,"travelersbackpack:standard":12,"minecraft:pumpkin_pie":4,"minecraft:chainmail_leggings":1}},"DataVersion":3465}