{"stats":{"minecraft:crafted":{"minecraft:oak_planks":4,"minecraft:crafting_table":1,"minecraft:spruce_planks":60,"minecraft:wooden_pickaxe":1,"minecraft:mangrove_planks":8,"soul_like_armors_reworked:rustysteel_boots":1,"minecraft:diamond_leggings":1,"minecraft:shield":1,"minecraft:stick":8,"minecraft:iron_pickaxe":1,"minecraft:dark_oak_planks":4,"minecraft:diamond_chestplate":1},"minecraft:custom":{"minecraft:mob_kills":55,"tombstone:raider_killed":20,"minecraft:tune_noteblock":1,"minecraft:interact_with_crafting_table":7,"minecraft:open_barrel":25,"minecraft:interact_with_loom":1,"minecraft:eat_cake_slice":3,"minecraft:damage_dealt_resisted":0,"minecraft:leave_game":2,"minecraft:time_since_death":3501,"minecraft:climb_one_cm":11085,"minecraft:damage_resisted":0,"minecraft:time_since_rest":3069,"minecraft:sprint_one_cm":151308,"minecraft:damage_taken":12961,"minecraft:walk_one_cm":573691,"minecraft:damage_blocked_by_shield":3480,"minecraft:drop":14,"minecraft:damage_dealt":18655,"minecraft:fly_one_cm":137281,"minecraft:open_chest":13,"minecraft:crouch_one_cm":870,"minecraft:play_time":113080,"tombstone:undead_killed":30,"minecraft:deaths":37,"minecraft:sneak_time":255,"minecraft:jump":815,"minecraft:walk_on_water_one_cm":270,"minecraft:total_world_time":113080,"minecraft:fall_one_cm":15417},"minecraft:killed_by":{"minecraft:husk":3,"minecraft:vindicator":23,"minecraft:evoker":1,"minecraft:player":1,"minecraft:illusioner":1,"minecraft:vex":6},"minecraft:picked_up":{"minecraft:enchanting_table":1,"minecraft:crafting_table":1,"soul_like_armors_reworked:darkknighttrident":1,"minecraft:brown_mushroom":1,"minecraft:wooden_pickaxe":1,"minecraft:potato":1,"minecraft:golden_sword":2,"minecraft:gunpowder":1,"minecraft:magenta_terracotta":2,"minecraft:string":2,"minecraft:polished_deepslate":2,"minecraft:dirt":12,"tombstone:gift":1,"minecraft:bone":5,"minecraft:cyan_carpet":3,"minecraft:stone_bricks":4,"minecraft:cracked_stone_bricks":1,"minecraft:wheat_seeds":4,"minecraft:gold_nugget":3,"minecraft:spruce_planks":2,"minecraft:spruce_wood":10,"soul_like_armors_reworked:rustysteel_boots":4,"minecraft:spruce_slab":3,"minecraft:mangrove_planks":1,"minecraft:furnace":1,"minecraft:book":9,"minecraft:raw_iron":1,"minecraft:stripped_mangrove_wood":2,"apotheosis:gem":3,"minecraft:torch":4,"minecraft:gravel":4,"tombstone:grave_dust":8,"minecraft:carrot":2,"minecraft:spruce_log":5,"soul_like_armors_reworked:rustysteelmace":1,"minecraft:purple_terracotta":5,"minecraft:dark_oak_planks":1,"minecraft:bundle":1,"soul_like_armors_reworked:estusflask":10,"minecraft:oak_wood":1,"minecraft:arrow":9,"minecraft:rotten_flesh":26,"minecraft:soul_lantern":1,"minecraft:bread":26,"minecraft:emerald":5,"minecraft:totem_of_undying":1,"tombstone:magic_scroll":2,"minecraft:netherrack":2,"minecraft:stripped_dark_oak_log":1,"minecraft:iron_bars":1},"minecraft:mined":{"minecraft:dark_oak_planks":1,"minecraft:stripped_dark_oak_log":1,"minecraft:crafting_table":1,"minecraft:torch":1,"minecraft:oak_wood":1,"minecraft:grass_block":1,"minecraft:spruce_leaves":3,"minecraft:spawner":1,"minecraft:large_fern":3,"minecraft:furnace":1,"minecraft:magenta_terracotta":2,"minecraft:spruce_log":5,"minecraft:mangrove_planks":1,"minecraft:enchanting_table":1,"minecraft:grass":3,"minecraft:bookshelf":6,"minecraft:cyan_carpet":2,"minecraft:gravel":4,"minecraft:dirt":1,"minecraft:spruce_wood":11,"minecraft:stripped_mangrove_wood":2,"minecraft:spruce_slab":2},"minecraft:used":{"minecraft:polished_deepslate":2,"minecraft:spruce_slab":2,"minecraft:oak_planks":4,"minecraft:wooden_pickaxe":3,"minecraft:spruce_planks":43,"minecraft:shield":23,"minecraft:iron_sword":147,"soul_like_armors_reworked:estusflask":10,"minecraft:iron_chestplate":1,"minecraft:torch":4,"minecraft:crafting_table":1,"minecraft:chainmail_chestplate":1,"minecraft:carrot":10,"minecraft:diamond_helmet":1,"minecraft:cake":2,"minecraft:dark_oak_planks":1,"soul_like_armors_reworked:dagger":98,"minecraft:iron_axe":101,"minecraft:bread":10,"minecraft:iron_pickaxe":4,"tombstone:magic_scroll":1,"tombstone:grave_key":12,"soul_like_armors_reworked:darkknighttrident":4,"minecraft:stone_bricks":2,"minecraft:pumpkin_pie":4,"soul_like_armors_reworked:rustysteelmace":272,"minecraft:chainmail_leggings":1},"minecraft:broken":{"minecraft:shield":1,"minecraft:chainmail_leggings":1,"minecraft:iron_boots":1,"minecraft:iron_helmet":1,"minecraft:chainmail_boots":1},"minecraft:killed":{"minecraft:evoker":1,"minecraft:vex":4,"minecraft:husk":27,"minecraft:vindicator":11,"minecraft:pillager":6,"minecraft:zombie":3,"minecraft:illusioner":2},"minecraft:dropped":{"minecraft:iron_ingot":7,"soul_like_armors_reworked:estusflask":5,"minecraft:rotten_flesh":8,"minecraft:chainmail_chestplate":1,"soul_like_armors_reworked:dagger":1,"minecraft:golden_sword":2,"minecraft:stone_bricks":2,"minecraft:spruce_slab":1,"minecraft:wooden_pickaxe":1,"minecraft:string":1,"minecraft:bone":5}},"DataVersion":3465}