{"stats":{"minecraft:picked_up":{"minecraft:kelp":11,"minecraft:mangrove_planks":2,"minecraft:sugar_cane":6,"minecraft:mangrove_log":11},"minecraft:used":{"minecraft:mangrove_planks":26},"minecraft:crafted":{"minecraft:mangrove_planks":24},"minecraft:custom":{"minecraft:open_chest":1,"minecraft:time_since_rest":6957,"minecraft:sprint_one_cm":8056,"minecraft:play_time":6957,"minecraft:damage_taken":80,"minecraft:walk_one_cm":8403,"minecraft:walk_under_water_one_cm":7352,"minecraft:jump":128,"minecraft:damage_dealt":20,"minecraft:leave_game":3,"minecraft:time_since_death":6957,"minecraft:walk_on_water_one_cm":1701,"minecraft:total_world_time":6957,"minecraft:climb_one_cm":2635,"minecraft:swim_one_cm":21185,"minecraft:fall_one_cm":3972,"minecraft:fly_one_cm":14945},"minecraft:mined":{"minecraft:kelp_plant":4,"minecraft:mangrove_log":11,"minecraft:sugar_cane":3,"minecraft:mangrove_planks":2,"minecraft:mangrove_leaves":20}},"DataVersion":3465}