{"stats":{"minecraft:picked_up":{"minecraft:apple":2,"minecraft:kelp":11,"minecraft:stone_axe":1,"minecraft:wheat_seeds":3,"minecraft:oak_log":6,"minecraft:mangrove_roots":11,"minecraft:dirt":12,"minecraft:mangrove_planks":2,"minecraft:sugar_cane":6,"minecraft:mangrove_log":11,"minecraft:white_wool":5},"minecraft:used":{"minecraft:stone_axe":19,"minecraft:apple":1,"minecraft:dirt":8,"minecraft:mangrove_roots":11,"minecraft:mangrove_planks":26},"minecraft:crafted":{"minecraft:mangrove_planks":24},"minecraft:killed_by":{"minecraft:witch":1},"minecraft:custom":{"minecraft:open_chest":1,"minecraft:time_since_rest":5355,"minecraft:sprint_one_cm":38756,"minecraft:play_time":19872,"minecraft:deaths":2,"minecraft:damage_taken":645,"minecraft:walk_one_cm":28038,"minecraft:sneak_time":10,"minecraft:walk_under_water_one_cm":11441,"minecraft:jump":473,"minecraft:damage_dealt":408,"minecraft:leave_game":4,"minecraft:walk_on_water_one_cm":9949,"minecraft:time_since_death":5328,"minecraft:climb_one_cm":3569,"minecraft:total_world_time":19872,"minecraft:swim_one_cm":26118,"minecraft:fall_one_cm":13714,"minecraft:fly_one_cm":70358},"minecraft:mined":{"minecraft:grass":11,"minecraft:oak_log":6,"minecraft:kelp_plant":4,"minecraft:mangrove_log":11,"minecraft:tall_grass":1,"minecraft:mangrove_roots":12,"minecraft:sugar_cane":3,"minecraft:mangrove_planks":2,"minecraft:mangrove_leaves":20,"minecraft:fern":1}},"DataVersion":3465}