{"stats":{"minecraft:crafted":{"minecraft:crafting_table":1,"minecraft:spruce_planks":28,"minecraft:stick":4,"minecraft:wooden_pickaxe":1,"minecraft:mangrove_planks":8,"minecraft:dark_oak_planks":4},"minecraft:custom":{"minecraft:time_since_rest":11095,"minecraft:sprint_one_cm":30364,"minecraft:damage_taken":1746,"minecraft:walk_one_cm":207220,"minecraft:mob_kills":7,"minecraft:drop":7,"tombstone:raider_killed":2,"minecraft:damage_dealt":2296,"minecraft:fly_one_cm":16519,"minecraft:interact_with_crafting_table":1,"minecraft:open_barrel":5,"minecraft:open_chest":3,"minecraft:play_time":53080,"minecraft:interact_with_loom":1,"tombstone:undead_killed":5,"minecraft:deaths":4,"minecraft:sneak_time":26,"minecraft:damage_dealt_resisted":0,"minecraft:jump":220,"minecraft:leave_game":2,"minecraft:walk_on_water_one_cm":19,"minecraft:time_since_death":11743,"minecraft:total_world_time":53080,"minecraft:climb_one_cm":1094,"minecraft:fall_one_cm":3822},"minecraft:killed_by":{"minecraft:vindicator":1,"minecraft:husk":1},"minecraft:picked_up":{"minecraft:crafting_table":1,"apotheosis:gem":1,"minecraft:stripped_mangrove_wood":2,"minecraft:wooden_pickaxe":1,"tombstone:grave_dust":4,"minecraft:spruce_log":4,"soul_like_armors_reworked:rustysteelmace":1,"minecraft:dirt":1,"soul_like_armors_reworked:estusflask":8,"minecraft:bone":3,"minecraft:arrow":3,"minecraft:rotten_flesh":7,"minecraft:wheat_seeds":1,"minecraft:spruce_wood":3,"minecraft:spruce_slab":1,"tombstone:magic_scroll":1,"minecraft:netherrack":2,"minecraft:stripped_dark_oak_log":1,"minecraft:furnace":1},"minecraft:mined":{"minecraft:large_fern":3,"minecraft:furnace":1,"minecraft:stripped_dark_oak_log":1,"minecraft:spruce_log":5,"minecraft:crafting_table":1,"minecraft:bookshelf":1,"minecraft:grass_block":1,"minecraft:spruce_wood":3,"minecraft:spruce_leaves":2,"minecraft:stripped_mangrove_wood":2,"minecraft:spruce_slab":1,"minecraft:spawner":1},"minecraft:used":{"soul_like_armors_reworked:dagger":98,"minecraft:bread":4,"minecraft:spruce_planks":27,"minecraft:wooden_pickaxe":3,"soul_like_armors_reworked:estusflask":7,"minecraft:iron_chestplate":1,"minecraft:crafting_table":1,"minecraft:chainmail_chestplate":1,"minecraft:cake":1,"soul_like_armors_reworked:rustysteelmace":35,"minecraft:chainmail_leggings":1},"minecraft:killed":{"minecraft:pillager":1,"minecraft:husk":5,"minecraft:illusioner":1},"minecraft:dropped":{"minecraft:iron_ingot":7,"soul_like_armors_reworked:dagger":1,"soul_like_armors_reworked:estusflask":5,"minecraft:wooden_pickaxe":1,"minecraft:chainmail_chestplate":1}},"DataVersion":3465}