{"stats":{"minecraft:crafted":{"minecraft:wooden_sword":1,"minecraft:oak_planks":16,"soul_like_armors_reworked:rustysteel_boots":1,"minecraft:diamond_leggings":1,"minecraft:dark_oak_planks":4,"minecraft:wheat":45,"minecraft:diamond_axe":1,"minecraft:crafting_table":1,"minecraft:spruce_planks":176,"minecraft:wooden_pickaxe":2,"minecraft:mangrove_planks":20,"minecraft:bread":15,"minecraft:diamond_pickaxe":1,"minecraft:shield":1,"minecraft:stick":40,"minecraft:iron_pickaxe":1,"minecraft:wooden_axe":1,"minecraft:torch":20,"minecraft:diamond_chestplate":1},"minecraft:custom":{"minecraft:mob_kills":74,"minecraft:interact_with_crafting_table":13,"minecraft:open_barrel":32,"minecraft:damage_dealt_resisted":0,"minecraft:eat_cake_slice":6,"minecraft:leave_game":3,"minecraft:time_since_death":36291,"minecraft:climb_one_cm":13181,"minecraft:damage_resisted":0,"minecraft:sprint_one_cm":231214,"minecraft:walk_one_cm":790477,"minecraft:damage_blocked_by_shield":3480,"minecraft:drop":42,"minecraft:play_time":165066,"minecraft:deaths":44,"minecraft:sneak_time":759,"minecraft:jump":1372,"minecraft:walk_on_water_one_cm":270,"minecraft:total_world_time":165066,"tombstone:raider_killed":20,"minecraft:tune_noteblock":1,"minecraft:interact_with_loom":1,"minecraft:sleep_in_bed":1,"minecraft:time_since_rest":36171,"minecraft:damage_taken":15283,"minecraft:damage_absorbed":38,"minecraft:damage_dealt":25974,"minecraft:fly_one_cm":230399,"minecraft:open_chest":22,"minecraft:crouch_one_cm":2228,"tombstone:undead_killed":49,"minecraft:fall_one_cm":27983},"minecraft:killed_by":{"minecraft:husk":9,"minecraft:evoker":1,"minecraft:player":1,"minecraft:vindicator":24,"minecraft:vex":6,"minecraft:illusioner":1},"minecraft:picked_up":{"minecraft:crafting_table":2,"minecraft:ladder":4,"minecraft:flower_pot":3,"minecraft:brown_mushroom":1,"minecraft:wooden_pickaxe":2,"minecraft:oak_stairs":3,"soul_like_armors_reworked:darkknightsword":1,"minecraft:golden_sword":2,"minecraft:polished_deepslate":2,"soul_like_armors_reworked:darkknightshield":1,"minecraft:string":2,"minecraft:iron_axe":1,"minecraft:armor_stand":1,"minecraft:cyan_carpet":4,"minecraft:cracked_stone_bricks":1,"minecraft:gold_nugget":3,"minecraft:spruce_planks":30,"minecraft:player_head":2,"minecraft:calcite":6,"minecraft:spruce_slab":3,"minecraft:diamond_hoe":1,"minecraft:furnace":2,"minecraft:raw_iron":1,"apotheosis:gem":8,"minecraft:stripped_mangrove_wood":10,"minecraft:torch":4,"tombstone:grave_dust":8,"minecraft:trident":1,"minecraft:carrot":2,"minecraft:mangrove_trapdoor":1,"minecraft:rabbit_foot":1,"minecraft:purple_terracotta":5,"minecraft:dark_oak_planks":3,"soul_like_armors_reworked:estusflask":14,"minecraft:arrow":19,"minecraft:rotten_flesh":38,"minecraft:vex_armor_trim_smithing_template":1,"minecraft:hay_block":5,"minecraft:totem_of_undying":1,"minecraft:gold_ingot":6,"minecraft:snowball":14,"minecraft:iron_bars":1,"minecraft:enchanting_table":1,"minecraft:leather_chestplate":1,"minecraft:tripwire_hook":2,"soul_like_armors_reworked:darkknighttrident":1,"minecraft:potato":2,"minecraft:oak_log":3,"minecraft:golden_boots":1,"minecraft:gunpowder":3,"minecraft:mangrove_slab":2,"minecraft:magenta_terracotta":3,"minecraft:dirt":25,"tombstone:gift":5,"minecraft:bone":5,"minecraft:stone_bricks":5,"minecraft:wheat_seeds":4,"minecraft:spruce_wood":10,"minecraft:iron_ingot":1,"soul_like_armors_reworked:rustysteel_boots":4,"tombstone:bag_of_seeds":1,"minecraft:mangrove_planks":1,"minecraft:iron_sword":1,"minecraft:book":18,"minecraft:gravel":4,"minecraft:spruce_log":34,"minecraft:cyan_bed":2,"soul_like_armors_reworked:rustysteelmace":2,"minecraft:bundle":1,"minecraft:oak_wood":1,"soul_like_armors_reworked:dark_knight_boots":1,"minecraft:diamond":6,"minecraft:soul_lantern":1,"tombstone:tablet_of_recall":1,"minecraft:emerald":20,"minecraft:bread":26,"tombstone:magic_scroll":3,"minecraft:netherrack":2,"minecraft:bricks":2,"minecraft:stripped_dark_oak_log":1,"minecraft:coal":2},"minecraft:mined":{"minecraft:dark_oak_planks":5,"minecraft:ladder":2,"minecraft:grass_block":7,"minecraft:mangrove_trapdoor":1,"minecraft:spruce_leaves":3,"minecraft:spawner":1,"minecraft:large_fern":3,"minecraft:hay_block":5,"minecraft:furnace":1,"minecraft:enchanting_table":1,"minecraft:bookshelf":6,"minecraft:spruce_wood":11,"minecraft:stripped_mangrove_wood":11,"minecraft:player_head":2,"minecraft:spruce_slab":2,"minecraft:stripped_dark_oak_log":1,"minecraft:crafting_table":2,"minecraft:torch":1,"minecraft:emerald_ore":4,"minecraft:oak_wood":1,"minecraft:calcite":6,"minecraft:cyan_bed":2,"minecraft:magenta_terracotta":2,"minecraft:spruce_log":35,"minecraft:mangrove_planks":1,"minecraft:grass":3,"minecraft:mangrove_slab":2,"minecraft:gravel":4,"minecraft:cyan_carpet":3,"minecraft:dirt":1,"minecraft:tripwire_hook":2},"minecraft:used":{"minecraft:trident":2,"minecraft:polished_deepslate":2,"minecraft:spruce_slab":2,"minecraft:spruce_planks":75,"minecraft:shield":23,"minecraft:iron_sword":164,"soul_like_armors_reworked:estusflask":10,"minecraft:player_head":1,"minecraft:iron_chestplate":1,"minecraft:torch":15,"minecraft:dirt":12,"minecraft:chainmail_chestplate":1,"minecraft:carrot":12,"minecraft:diamond_helmet":1,"minecraft:snowball":14,"minecraft:dark_oak_planks":2,"minecraft:wooden_axe":7,"soul_like_armors_reworked:dagger":98,"minecraft:bricks":2,"minecraft:iron_axe":131,"minecraft:oak_stairs":3,"minecraft:stone_bricks":3,"soul_like_armors_reworked:darkknighttrident":5,"minecraft:tripwire_hook":2,"minecraft:furnace":1,"minecraft:mangrove_slab":2,"tombstone:gift":3,"soul_like_armors_reworked:rustysteelmace":451,"minecraft:calcite":2,"minecraft:oak_planks":4,"minecraft:wooden_pickaxe":22,"minecraft:diamond_axe":3,"minecraft:crafting_table":2,"minecraft:cake":2,"minecraft:flower_pot":3,"minecraft:bread":19,"minecraft:cyan_bed":2,"minecraft:iron_pickaxe":9,"tombstone:magic_scroll":1,"tombstone:grave_key":14,"minecraft:wooden_sword":59,"minecraft:pumpkin_pie":4,"minecraft:experience_bottle":13,"minecraft:chainmail_leggings":1},"minecraft:killed":{"minecraft:evoker":1,"minecraft:vex":4,"minecraft:vindicator":11,"minecraft:illusioner":2,"minecraft:husk":46,"minecraft:pillager":6,"minecraft:zombie":3},"minecraft:broken":{"soul_like_armors_reworked:rustysteelmace":1,"minecraft:chainmail_leggings":1,"minecraft:iron_boots":1,"minecraft:chainmail_boots":1,"minecraft:shield":1,"minecraft:wooden_sword":1,"minecraft:iron_helmet":1},"minecraft:dropped":{"minecraft:golden_boots":1,"minecraft:iron_ingot":7,"minecraft:stripped_mangrove_wood":5,"minecraft:mangrove_trapdoor":1,"soul_like_armors_reworked:estusflask":5,"minecraft:mangrove_planks":2,"soul_like_armors_reworked:rustysteel_boots":1,"minecraft:stick":1,"minecraft:dirt":1,"tombstone:grave_key":1,"minecraft:wooden_axe":1,"minecraft:iron_axe":1,"minecraft:iron_pickaxe":1,"minecraft:string":2,"minecraft:dark_oak_planks":1,"minecraft:cyan_carpet":1,"minecraft:bone":5,"minecraft:player_head":1,"tombstone:gift":1,"minecraft:soul_lantern":1,"minecraft:rotten_flesh":36,"minecraft:totem_of_undying":1,"minecraft:chainmail_chestplate":1,"minecraft:leather_chestplate":1,"minecraft:spruce_planks":64,"soul_like_armors_reworked:dagger":1,"minecraft:ladder":2,"minecraft:golden_sword":2,"minecraft:stone_bricks":2,"minecraft:spruce_slab":1,"minecraft:arrow":9,"minecraft:wooden_pickaxe":3,"minecraft:calcite":4,"minecraft:magenta_terracotta":1}},"DataVersion":3465}