{"stats":{"minecraft:picked_up":{"minecraft:crafting_table":3,"minecraft:feather":3,"minecraft:chicken":4,"minecraft:leather":2,"minecraft:oak_log":6,"minecraft:dirt":12,"minecraft:apple":2,"minecraft:kelp":11,"minecraft:wheat_seeds":3,"minecraft:beef":3,"minecraft:mangrove_planks":2,"minecraft:sugar_cane":11,"minecraft:oak_planks":8,"minecraft:acacia_sapling":1,"minecraft:mangrove_log":11,"minecraft:furnace":1,"minecraft:egg":2,"minecraft:raw_iron":4,"minecraft:cooked_porkchop":1,"minecraft:pumpkin":11,"minecraft:acacia_log":7,"minecraft:porkchop":3,"minecraft:white_bed":2,"minecraft:rotten_flesh":1,"minecraft:stone_axe":1,"minecraft:mangrove_roots":11,"minecraft:coal":15,"minecraft:white_wool":5,"minecraft:cobblestone":15},"minecraft:used":{"minecraft:stone_pickaxe":27,"minecraft:mangrove_planks":26,"minecraft:wooden_pickaxe":8,"minecraft:dirt":9,"minecraft:crafting_table":3,"minecraft:white_bed":2,"minecraft:apple":2,"minecraft:chicken":1,"minecraft:stone_axe":63,"minecraft:mangrove_roots":11,"minecraft:furnace":1,"minecraft:cooked_porkchop":1},"minecraft:crafted":{"minecraft:oak_planks":24,"minecraft:cooked_porkchop":2,"minecraft:crafting_table":1,"minecraft:wooden_pickaxe":1,"minecraft:furnace":1,"minecraft:mangrove_planks":24,"minecraft:air":0,"minecraft:stick":8,"minecraft:iron_ingot":3,"minecraft:iron_pickaxe":1,"minecraft:stone_pickaxe":1,"minecraft:white_bed":1,"minecraft:acacia_planks":28},"minecraft:killed_by":{"minecraft:witch":1},"minecraft:custom":{"minecraft:interact_with_furnace":7,"minecraft:mob_kills":10,"minecraft:interact_with_crafting_table":8,"minecraft:leave_game":4,"minecraft:time_since_death":17328,"minecraft:sleep_in_bed":1,"minecraft:climb_one_cm":3743,"minecraft:time_since_rest":7090,"minecraft:sprint_one_cm":69529,"minecraft:damage_taken":675,"minecraft:walk_one_cm":59196,"minecraft:damage_dealt":1496,"minecraft:swim_one_cm":26118,"minecraft:fly_one_cm":145431,"minecraft:open_chest":1,"minecraft:play_time":31872,"minecraft:deaths":2,"minecraft:sneak_time":11,"minecraft:walk_under_water_one_cm":11441,"minecraft:jump":789,"minecraft:walk_on_water_one_cm":11717,"minecraft:total_world_time":31872,"minecraft:fall_one_cm":19796},"minecraft:killed":{"minecraft:pig":2,"minecraft:creeper":1,"minecraft:zombie":1,"minecraft:chicken":4,"minecraft:cow":2},"minecraft:mined":{"minecraft:acacia_leaves":1,"minecraft:white_bed":2,"minecraft:kelp_plant":4,"minecraft:mangrove_roots":12,"minecraft:crafting_table":3,"minecraft:acacia_log":7,"minecraft:tall_grass":2,"minecraft:sugar_cane":6,"minecraft:furnace":1,"minecraft:iron_ore":4,"minecraft:pumpkin":11,"minecraft:mangrove_planks":2,"minecraft:mangrove_leaves":20,"minecraft:grass":12,"minecraft:oak_log":6,"minecraft:coal_ore":15,"minecraft:mangrove_log":11,"minecraft:stone":15,"minecraft:fern":1}},"DataVersion":3465}