{"stats":{"minecraft:crafted":{"minecraft:mangrove_planks":8,"minecraft:dark_oak_planks":4,"minecraft:crafting_table":1,"minecraft:stick":4,"minecraft:wooden_pickaxe":1},"minecraft:picked_up":{"minecraft:stripped_mangrove_wood":2,"minecraft:bone":2,"minecraft:arrow":1,"minecraft:stripped_dark_oak_log":1},"minecraft:used":{"minecraft:crafting_table":1,"minecraft:wooden_pickaxe":1},"minecraft:mined":{"minecraft:stripped_dark_oak_log":1,"minecraft:stripped_mangrove_wood":2,"minecraft:spawner":1},"minecraft:custom":{"minecraft:open_barrel":1,"minecraft:time_since_rest":20018,"minecraft:interact_with_loom":1,"minecraft:play_time":20018,"minecraft:sprint_one_cm":469,"minecraft:damage_taken":90,"minecraft:walk_one_cm":35032,"minecraft:sneak_time":15,"minecraft:jump":36,"minecraft:leave_game":1,"minecraft:time_since_death":20018,"minecraft:climb_one_cm":792,"minecraft:total_world_time":20018,"minecraft:interact_with_crafting_table":1,"minecraft:fall_one_cm":209,"minecraft:fly_one_cm":69}},"DataVersion":3465}