{"stats":{"minecraft:crafted":{"minecraft:wooden_sword":1,"minecraft:oak_planks":16,"soul_like_armors_reworked:rustysteel_boots":1,"minecraft:diamond_leggings":1,"minecraft:dark_oak_planks":4,"minecraft:wheat":45,"minecraft:diamond_axe":1,"minecraft:crafting_table":1,"minecraft:spruce_planks":176,"minecraft:wooden_pickaxe":2,"minecraft:mangrove_planks":20,"minecraft:bread":15,"minecraft:diamond_pickaxe":1,"minecraft:shield":1,"minecraft:stick":40,"minecraft:iron_pickaxe":1,"minecraft:wooden_axe":1,"minecraft:torch":48,"minecraft:diamond_chestplate":1},"minecraft:custom":{"minecraft:mob_kills":93,"minecraft:interact_with_crafting_table":13,"minecraft:open_barrel":32,"minecraft:damage_dealt_resisted":0,"minecraft:eat_cake_slice":6,"minecraft:leave_game":3,"minecraft:time_since_death":1153,"minecraft:climb_one_cm":14830,"minecraft:damage_resisted":0,"minecraft:sprint_one_cm":350266,"minecraft:walk_one_cm":1010191,"minecraft:damage_blocked_by_shield":3480,"minecraft:drop":65,"minecraft:play_time":201066,"minecraft:deaths":51,"minecraft:sneak_time":1198,"minecraft:jump":1575,"minecraft:walk_on_water_one_cm":1493,"minecraft:total_world_time":201066,"tombstone:raider_killed":20,"minecraft:tune_noteblock":1,"minecraft:interact_with_loom":1,"minecraft:sleep_in_bed":1,"minecraft:time_since_rest":1,"minecraft:damage_taken":17662,"minecraft:damage_absorbed":583,"minecraft:damage_dealt":29313,"minecraft:fly_one_cm":255400,"minecraft:open_chest":69,"minecraft:crouch_one_cm":3396,"tombstone:undead_killed":64,"minecraft:fall_one_cm":32870},"minecraft:killed_by":{"minecraft:husk":9,"minecraft:evoker":1,"minecraft:player":1,"minecraft:vindicator":24,"minecraft:skeleton":1,"minecraft:zombie":6,"minecraft:vex":6,"minecraft:illusioner":1},"minecraft:picked_up":{"minecraft:crafting_table":2,"minecraft:ladder":4,"minecraft:flower_pot":3,"minecraft:brown_mushroom":1,"minecraft:wooden_pickaxe":2,"minecraft:oak_stairs":3,"soul_like_armors_reworked:darkknightsword":1,"minecraft:stone_brick_stairs":2,"minecraft:shield":3,"minecraft:golden_sword":2,"minecraft:polished_deepslate":2,"soul_like_armors_reworked:darkknightshield":1,"minecraft:string":7,"minecraft:iron_axe":3,"minecraft:iron_leggings":1,"minecraft:armor_stand":1,"minecraft:cyan_carpet":4,"minecraft:cracked_stone_bricks":1,"minecraft:diamond_leggings":1,"minecraft:gold_nugget":6,"minecraft:spruce_planks":30,"minecraft:player_head":2,"minecraft:calcite":6,"minecraft:iron_nugget":4,"minecraft:spruce_slab":3,"minecraft:diamond_hoe":1,"minecraft:furnace":2,"minecraft:stick":7,"minecraft:raw_iron":1,"apotheosis:gem":8,"minecraft:stripped_mangrove_wood":10,"minecraft:torch":10,"tombstone:grave_dust":11,"minecraft:trident":1,"minecraft:carrot":2,"soul_like_armors_reworked:rustysteel_helmet":2,"minecraft:mangrove_trapdoor":1,"minecraft:rabbit_foot":1,"minecraft:purple_terracotta":5,"minecraft:dark_oak_planks":3,"soul_like_armors_reworked:estusflask":18,"minecraft:arrow":26,"minecraft:rotten_flesh":67,"minecraft:vex_armor_trim_smithing_template":1,"minecraft:hay_block":5,"minecraft:totem_of_undying":1,"minecraft:gold_ingot":6,"minecraft:snowball":14,"minecraft:iron_bars":11,"minecraft:enchanting_table":3,"minecraft:leather_chestplate":1,"minecraft:tripwire_hook":2,"soul_like_armors_reworked:darkknighttrident":2,"minecraft:potato":2,"minecraft:oak_log":3,"minecraft:golden_boots":2,"minecraft:gunpowder":3,"minecraft:mangrove_slab":2,"minecraft:magenta_terracotta":3,"minecraft:dirt":25,"tombstone:gift":6,"minecraft:bone":6,"minecraft:stone_bricks":5,"minecraft:wheat_seeds":4,"minecraft:spruce_wood":10,"minecraft:iron_ingot":1,"soul_like_armors_reworked:rustysteel_boots":4,"tombstone:bag_of_seeds":1,"minecraft:diamond_helmet":1,"minecraft:soul_sand":3,"minecraft:mangrove_planks":1,"minecraft:iron_sword":1,"minecraft:book":18,"minecraft:gravel":7,"minecraft:spruce_log":34,"minecraft:cyan_bed":2,"soul_like_armors_reworked:rustysteelmace":2,"minecraft:spider_eye":1,"travelersbackpack:standard":1,"minecraft:bundle":1,"minecraft:oak_wood":1,"soul_like_armors_reworked:dark_knight_boots":1,"minecraft:diamond":6,"minecraft:soul_lantern":1,"tombstone:tablet_of_recall":1,"minecraft:emerald":20,"minecraft:bread":67,"soul_like_armors_reworked:rustysteel_leggings":1,"tombstone:magic_scroll":3,"minecraft:netherrack":3,"minecraft:bricks":2,"minecraft:stripped_dark_oak_log":1,"minecraft:coal":3,"minecraft:ender_pearl":1},"minecraft:mined":{"minecraft:dark_oak_planks":5,"minecraft:mossy_cobblestone":1,"minecraft:ladder":2,"minecraft:grass_block":7,"minecraft:mangrove_trapdoor":1,"minecraft:spruce_leaves":3,"minecraft:spawner":11,"minecraft:large_fern":3,"minecraft:hay_block":5,"minecraft:furnace":1,"minecraft:enchanting_table":2,"minecraft:bookshelf":6,"minecraft:vine":4,"minecraft:iron_bars":4,"minecraft:spruce_wood":11,"minecraft:stripped_mangrove_wood":11,"minecraft:player_head":2,"minecraft:spruce_slab":2,"minecraft:quartz_block":7,"minecraft:soul_sand":5,"minecraft:stripped_dark_oak_log":1,"minecraft:crafting_table":2,"minecraft:torch":2,"minecraft:emerald_ore":4,"minecraft:oak_wood":1,"minecraft:calcite":6,"minecraft:cyan_bed":2,"minecraft:wall_torch":2,"minecraft:magenta_terracotta":2,"minecraft:spruce_log":35,"minecraft:mangrove_planks":1,"minecraft:stone_brick_stairs":2,"minecraft:grass":3,"minecraft:mangrove_slab":2,"minecraft:gravel":7,"minecraft:cyan_carpet":3,"minecraft:dirt":1,"minecraft:cracked_stone_bricks":1,"minecraft:tripwire_hook":2},"minecraft:used":{"minecraft:iron_bars":2,"minecraft:trident":2,"minecraft:enchanting_table":1,"minecraft:polished_deepslate":2,"minecraft:spruce_slab":2,"minecraft:spruce_planks":105,"minecraft:shield":23,"minecraft:iron_sword":200,"soul_like_armors_reworked:estusflask":10,"minecraft:player_head":1,"minecraft:netherrack":1,"minecraft:iron_chestplate":1,"minecraft:torch":106,"minecraft:soul_sand":3,"minecraft:dirt":12,"minecraft:chainmail_chestplate":1,"minecraft:carrot":18,"minecraft:diamond_helmet":2,"minecraft:snowball":14,"minecraft:dark_oak_planks":2,"minecraft:wooden_axe":7,"soul_like_armors_reworked:dagger":98,"minecraft:bricks":2,"minecraft:iron_axe":131,"minecraft:oak_stairs":3,"minecraft:stone_brick_stairs":2,"minecraft:stone_bricks":3,"soul_like_armors_reworked:darkknighttrident":47,"minecraft:tripwire_hook":2,"minecraft:furnace":1,"minecraft:mangrove_slab":2,"tombstone:gift":3,"minecraft:iron_leggings":1,"soul_like_armors_reworked:rustysteelmace":451,"minecraft:calcite":2,"minecraft:oak_planks":4,"minecraft:wooden_pickaxe":22,"minecraft:diamond_axe":3,"minecraft:golden_apple":4,"minecraft:crafting_table":2,"minecraft:cake":2,"minecraft:flower_pot":3,"minecraft:diamond_pickaxe":29,"minecraft:diamond_shovel":7,"minecraft:bread":22,"minecraft:cyan_bed":2,"minecraft:iron_pickaxe":9,"tombstone:magic_scroll":1,"minecraft:gravel":3,"tombstone:grave_key":19,"minecraft:wooden_sword":59,"minecraft:cobblestone":10,"travelersbackpack:standard":1,"minecraft:pumpkin_pie":4,"minecraft:experience_bottle":13,"minecraft:chainmail_leggings":1},"minecraft:killed":{"minecraft:evoker":1,"minecraft:vex":4,"minecraft:spider":2,"minecraft:vindicator":11,"minecraft:skeleton":2,"minecraft:illusioner":2,"minecraft:husk":46,"minecraft:creeper":1,"minecraft:pillager":6,"minecraft:zombie":16},"minecraft:broken":{"soul_like_armors_reworked:rustysteelmace":1,"minecraft:chainmail_leggings":1,"minecraft:diamond_helmet":1,"minecraft:iron_boots":1,"minecraft:chainmail_boots":1,"minecraft:shield":1,"minecraft:wooden_sword":1,"minecraft:iron_helmet":1},"minecraft:dropped":{"minecraft:golden_boots":2,"minecraft:iron_ingot":7,"minecraft:stripped_mangrove_wood":5,"minecraft:mangrove_trapdoor":1,"soul_like_armors_reworked:estusflask":5,"minecraft:mangrove_planks":2,"soul_like_armors_reworked:rustysteel_boots":1,"minecraft:stick":1,"minecraft:dirt":1,"tombstone:grave_key":1,"minecraft:wooden_axe":1,"minecraft:iron_leggings":1,"minecraft:gold_nugget":3,"minecraft:iron_axe":4,"minecraft:iron_pickaxe":1,"minecraft:string":5,"minecraft:dark_oak_planks":1,"minecraft:cyan_carpet":1,"minecraft:bone":5,"minecraft:iron_nugget":4,"minecraft:player_head":1,"tombstone:gift":1,"minecraft:soul_lantern":1,"soul_like_armors_reworked:rustysteel_helmet":3,"minecraft:rotten_flesh":62,"minecraft:totem_of_undying":1,"minecraft:chainmail_chestplate":1,"minecraft:leather_chestplate":1,"minecraft:shield":3,"minecraft:spruce_planks":64,"minecraft:golden_leggings":1,"soul_like_armors_reworked:dagger":1,"minecraft:ladder":2,"minecraft:spider_eye":1,"minecraft:golden_sword":2,"minecraft:stone_bricks":2,"minecraft:spruce_slab":1,"minecraft:iron_bars":8,"minecraft:arrow":9,"minecraft:wooden_pickaxe":3,"minecraft:calcite":4,"minecraft:magenta_terracotta":1}},"DataVersion":3465}