{"stats":{"minecraft:crafted":{"minecraft:oak_planks":8,"minecraft:furnace":2,"minecraft:glass":12,"travelersbackpack:purple_sleeping_bag":3,"minecraft:chest":1,"travelersbackpack:iron_tier_upgrade":1,"minecraft:diamond_axe":1,"minecraft:crafting_table":1,"travelersbackpack:backpack_tank":2,"travelersbackpack:standard":1,"minecraft:birch_planks":24,"minecraft:air":0,"minecraft:diamond_pickaxe":1,"minecraft:stick":4},"minecraft:custom":{"minecraft:interact_with_smithing_table":7,"minecraft:mob_kills":91,"minecraft:interact_with_crafting_table":16,"minecraft:open_barrel":28,"minecraft:damage_dealt_resisted":0,"minecraft:eat_cake_slice":14,"minecraft:leave_game":4,"minecraft:time_since_death":29147,"minecraft:climb_one_cm":6360,"minecraft:damage_resisted":482,"minecraft:sprint_one_cm":1006497,"minecraft:walk_one_cm":777615,"minecraft:drop":107,"minecraft:play_noteblock":1,"minecraft:play_time":220336,"minecraft:sneak_time":1428,"minecraft:deaths":88,"minecraft:walk_under_water_one_cm":2783,"minecraft:jump":1879,"minecraft:walk_on_water_one_cm":20017,"minecraft:total_world_time":220336,"minecraft:interact_with_furnace":12,"tombstone:raider_killed":23,"minecraft:sleep_in_bed":2,"minecraft:time_since_rest":19311,"minecraft:damage_taken":31797,"minecraft:damage_absorbed":936,"minecraft:damage_dealt":23072,"minecraft:swim_one_cm":709,"minecraft:fly_one_cm":296137,"minecraft:player_kills":2,"minecraft:open_chest":82,"minecraft:crouch_one_cm":1342,"tombstone:undead_killed":42,"minecraft:fall_one_cm":42440},"minecraft:killed_by":{"minecraft:husk":2,"minecraft:stray":2,"minecraft:creeper":1,"minecraft:pillager":9,"minecraft:vindicator":49,"minecraft:skeleton":6,"minecraft:zombie":3,"minecraft:vex":9,"minecraft:illusioner":7},"minecraft:picked_up":{"minecraft:purple_wool":10,"minecraft:turtle_helmet":2,"minecraft:wooden_pickaxe":1,"minecraft:gold_block":1,"minecraft:enchanted_book":4,"tombstone:grave_key":2,"minecraft:string":1,"minecraft:dark_oak_trapdoor":1,"minecraft:iron_axe":2,"minecraft:wooden_sword":1,"minecraft:iron_leggings":2,"minecraft:quartz_slab":1,"minecraft:cyan_carpet":2,"minecraft:spruce_planks":8,"minecraft:beef":22,"minecraft:rose_bush":1,"minecraft:player_head":1,"soul_like_armors_reworked:dagger":1,"minecraft:spruce_slab":1,"minecraft:melon_slice":100,"minecraft:iron_boots":2,"minecraft:stick":3,"apotheosis:gem":13,"minecraft:spruce_stairs":2,"minecraft:spruce_fence":1,"tombstone:grave_dust":8,"soul_like_armors_reworked:rustysteel_helmet":2,"tombstone:tablet_of_cupidity":1,"minecraft:dark_oak_planks":8,"soul_like_armors_reworked:estusflask":24,"minecraft:arrow":31,"minecraft:rotten_flesh":27,"minecraft:beetroot_seeds":4,"minecraft:nether_bricks":27,"minecraft:gold_ingot":2,"minecraft:end_rod":1,"minecraft:totem_of_undying":2,"minecraft:mutton":2,"minecraft:iron_bars":2,"minecraft:skeleton_skull":2,"minecraft:white_wool":5,"minecraft:cobblestone":35,"minecraft:birch_log":6,"minecraft:air":0,"minecraft:leather":15,"minecraft:oak_log":2,"minecraft:chainmail_chestplate":1,"minecraft:golden_boots":1,"minecraft:gunpowder":7,"minecraft:magenta_terracotta":1,"minecraft:dirt":41,"minecraft:lantern":1,"minecraft:polished_granite":1,"minecraft:name_tag":1,"minecraft:glass":3,"minecraft:purple_carpet":10,"minecraft:bone":23,"soul_like_armors_reworked:rustyshield":3,"minecraft:bow":1,"minecraft:wheat_seeds":1,"minecraft:iron_ingot":9,"soul_like_armors_reworked:rustysteel_boots":1,"minecraft:glowstone_dust":4,"travelersbackpack:blank_upgrade":4,"minecraft:soul_sand":1,"minecraft:book":12,"patchouli:guide_book":1,"minecraft:sand":13,"soul_like_armors_reworked:dark_knight_leggings":3,"minecraft:spruce_log":14,"minecraft:cyan_bed":8,"travelersbackpack:purple_sleeping_bag":1,"soul_like_armors_reworked:rustysteelmace":3,"minecraft:diamond_shovel":1,"minecraft:diamond":5,"minecraft:netherrack":11,"minecraft:spruce_sign":8,"minecraft:emerald":6,"minecraft:jack_o_lantern":1,"minecraft:baked_potato":4,"tombstone:magic_scroll":2,"minecraft:sunflower":1},"minecraft:mined":{"minecraft:dark_oak_planks":5,"minecraft:tuff":1,"minecraft:spruce_planks":19,"minecraft:red_nether_bricks":1,"minecraft:jack_o_lantern":1,"minecraft:nether_bricks":27,"minecraft:purple_terracotta":4,"minecraft:grass_block":20,"minecraft:spruce_leaves":5,"minecraft:spawner":14,"minecraft:large_fern":18,"minecraft:glowstone":1,"minecraft:furnace":1,"minecraft:fire":3,"minecraft:bookshelf":4,"minecraft:vine":1,"minecraft:iron_bars":13,"minecraft:purple_carpet":9,"minecraft:light_gray_concrete":4,"minecraft:spruce_wood":3,"minecraft:stone":38,"minecraft:player_head":1,"minecraft:white_wool":2,"minecraft:spruce_slab":1,"minecraft:cyan_terracotta":2,"minecraft:soul_sand":1,"minecraft:polished_granite":2,"minecraft:torch":1,"minecraft:calcite":6,"minecraft:melon":23,"minecraft:rose_bush":1,"minecraft:cobblestone":2,"minecraft:cyan_bed":4,"minecraft:bricks":4,"minecraft:spruce_stairs":2,"minecraft:purple_wool":8,"minecraft:black_stained_glass":4,"minecraft:birch_log":6,"minecraft:ice":4,"minecraft:spruce_log":4,"minecraft:birch_leaves":4,"minecraft:grass":2,"minecraft:oak_log":2,"minecraft:cyan_carpet":1,"minecraft:sunflower":1,"minecraft:sand":13,"minecraft:dirt":22,"minecraft:cobweb":17,"travelersbackpack:purple_sleeping_bag":1,"minecraft:stone_bricks":7,"minecraft:netherrack":3,"minecraft:oak_leaves":4,"minecraft:deepslate":1,"minecraft:fern":5},"minecraft:used":{"minecraft:jack_o_lantern":1,"minecraft:spruce_slab":1,"minecraft:spruce_planks":4,"soul_like_armors_reworked:estusflask":16,"minecraft:rotten_flesh":8,"minecraft:netherrack":3,"minecraft:dirt":37,"minecraft:spruce_stairs":2,"minecraft:nether_bricks":25,"minecraft:dark_oak_planks":1,"soul_like_armors_reworked:dagger":260,"minecraft:iron_axe":9,"minecraft:totem_of_undying":1,"minecraft:golden_carrot":14,"minecraft:furnace":2,"tombstone:gift":8,"travelersbackpack:purple_sleeping_bag":2,"minecraft:skeleton_skull":1,"soul_like_armors_reworked:rustysteelmace":526,"minecraft:golden_boots":1,"minecraft:diamond_boots":1,"minecraft:baked_potato":4,"minecraft:diamond_axe":105,"minecraft:golden_apple":1,"minecraft:white_wool":1,"minecraft:crafting_table":1,"minecraft:spruce_log":7,"minecraft:diamond_pickaxe":140,"minecraft:diamond_shovel":13,"minecraft:bread":1,"minecraft:cyan_bed":5,"minecraft:melon_slice":109,"tombstone:grave_key":8,"minecraft:spruce_sapling":1,"soul_like_armors_reworked:rustysteel_helmet":2,"minecraft:pumpkin_pie":9,"minecraft:experience_bottle":24},"minecraft:broken":{"minecraft:diamond_chestplate":1,"minecraft:chainmail_leggings":1,"minecraft:iron_chestplate":1,"minecraft:iron_leggings":1,"soul_like_armors_reworked:dark_knight_leggings":1,"minecraft:diamond_boots":1,"minecraft:chainmail_chestplate":1,"minecraft:turtle_helmet":1,"soul_like_armors_reworked:rustysteel_helmet":1},"minecraft:killed":{"minecraft:evoker":2,"minecraft:vex":2,"minecraft:cave_spider":1,"minecraft:spider":1,"minecraft:vindicator":8,"minecraft:skeleton":8,"minecraft:illusioner":4,"minecraft:husk":1,"minecraft:sheep":4,"minecraft:pillager":9,"minecraft:zombie":32,"minecraft:stray":1,"minecraft:cow":15},"minecraft:dropped":{"minecraft:golden_boots":1,"minecraft:spruce_sign":8,"minecraft:soul_sand":1,"minecraft:wheat_seeds":2,"minecraft:golden_horse_armor":1,"soul_like_armors_reworked:estusflask":13,"soul_like_armors_reworked:rustysteelmace":2,"minecraft:cobblestone":19,"minecraft:leather":5,"travelersbackpack:purple_sleeping_bag":1,"soul_like_armors_reworked:rustysteel_boots":1,"minecraft:stick":3,"minecraft:dirt":19,"tombstone:grave_key":1,"minecraft:mutton":2,"minecraft:dark_oak_trapdoor":1,"tombstone:grave_dust":4,"soul_like_armors_reworked:dark_knight_leggings":2,"minecraft:iron_axe":1,"minecraft:string":1,"minecraft:dark_oak_planks":5,"minecraft:white_wool":1,"minecraft:bucket":1,"minecraft:gold_ingot":1,"minecraft:bone":34,"minecraft:rotten_flesh":13,"minecraft:iron_boots":2,"minecraft:glowstone_dust":4,"minecraft:nether_bricks":46,"minecraft:spruce_fence":1,"patchouli:guide_book":1,"minecraft:turtle_helmet":1,"minecraft:gunpowder":7,"minecraft:spruce_planks":3,"minecraft:skeleton_skull":1,"minecraft:beetroot_seeds":4,"apotheosis:gem":7,"minecraft:arrow":14,"minecraft:beef":4,"minecraft:polished_granite":1,"minecraft:cyan_bed":3,"minecraft:netherrack":2,"minecraft:purple_carpet":7,"minecraft:magenta_terracotta":1}},"DataVersion":3465}