{"stats":{"minecraft:crafted":{"minecraft:diamond_axe":1,"minecraft:diamond_pickaxe":1,"minecraft:stick":4},"minecraft:custom":{"minecraft:mob_kills":49,"minecraft:interact_with_crafting_table":4,"minecraft:open_barrel":28,"minecraft:damage_dealt_resisted":0,"minecraft:eat_cake_slice":10,"minecraft:leave_game":3,"minecraft:time_since_death":48435,"minecraft:climb_one_cm":3744,"minecraft:damage_resisted":482,"minecraft:sprint_one_cm":681522,"minecraft:walk_one_cm":574225,"minecraft:drop":75,"minecraft:play_noteblock":1,"minecraft:play_time":155730,"minecraft:deaths":80,"minecraft:sneak_time":1189,"minecraft:walk_under_water_one_cm":1244,"minecraft:jump":1456,"minecraft:walk_on_water_one_cm":10983,"minecraft:total_world_time":155730,"tombstone:raider_killed":23,"minecraft:sleep_in_bed":1,"minecraft:time_since_rest":12696,"minecraft:damage_taken":26539,"minecraft:damage_absorbed":80,"minecraft:damage_dealt":16267,"minecraft:fly_one_cm":244461,"minecraft:player_kills":2,"minecraft:open_chest":53,"minecraft:crouch_one_cm":1217,"tombstone:undead_killed":10,"minecraft:fall_one_cm":29120},"minecraft:killed_by":{"minecraft:husk":2,"minecraft:pillager":9,"minecraft:vindicator":49,"minecraft:skeleton":4,"minecraft:vex":9,"minecraft:illusioner":7},"minecraft:picked_up":{"minecraft:purple_wool":10,"minecraft:turtle_helmet":2,"minecraft:wooden_pickaxe":1,"minecraft:gold_block":1,"minecraft:enchanted_book":2,"tombstone:grave_key":2,"minecraft:string":1,"minecraft:dark_oak_trapdoor":1,"minecraft:iron_axe":2,"minecraft:wooden_sword":1,"minecraft:iron_leggings":1,"minecraft:quartz_slab":1,"minecraft:cyan_carpet":2,"minecraft:spruce_planks":8,"minecraft:beef":6,"minecraft:rose_bush":1,"minecraft:player_head":1,"soul_like_armors_reworked:dagger":1,"minecraft:spruce_slab":1,"minecraft:melon_slice":100,"apotheosis:gem":8,"minecraft:stick":3,"minecraft:spruce_stairs":2,"minecraft:spruce_fence":1,"tombstone:grave_dust":6,"soul_like_armors_reworked:rustysteel_helmet":2,"tombstone:tablet_of_cupidity":1,"minecraft:dark_oak_planks":8,"soul_like_armors_reworked:estusflask":20,"minecraft:arrow":18,"minecraft:rotten_flesh":16,"minecraft:beetroot_seeds":4,"minecraft:totem_of_undying":2,"minecraft:end_rod":1,"minecraft:iron_bars":2,"minecraft:mutton":2,"minecraft:skeleton_skull":2,"minecraft:white_wool":2,"minecraft:air":0,"minecraft:leather":11,"minecraft:chainmail_chestplate":1,"minecraft:gunpowder":7,"minecraft:magenta_terracotta":1,"minecraft:dirt":28,"minecraft:lantern":1,"minecraft:polished_granite":1,"minecraft:name_tag":1,"minecraft:purple_carpet":10,"minecraft:bone":4,"soul_like_armors_reworked:rustyshield":1,"minecraft:wheat_seeds":1,"minecraft:iron_ingot":9,"soul_like_armors_reworked:rustysteel_boots":1,"minecraft:book":12,"soul_like_armors_reworked:dark_knight_leggings":3,"minecraft:spruce_log":14,"minecraft:cyan_bed":8,"soul_like_armors_reworked:rustysteelmace":3,"minecraft:diamond":5,"minecraft:spruce_sign":8,"minecraft:emerald":6,"minecraft:jack_o_lantern":1,"tombstone:magic_scroll":1,"minecraft:netherrack":8},"minecraft:mined":{"minecraft:dark_oak_planks":5,"minecraft:spruce_planks":19,"minecraft:jack_o_lantern":1,"minecraft:purple_terracotta":4,"minecraft:grass_block":15,"minecraft:spruce_leaves":5,"minecraft:spawner":1,"minecraft:large_fern":18,"minecraft:furnace":1,"minecraft:fire":3,"minecraft:bookshelf":4,"minecraft:iron_bars":2,"minecraft:purple_carpet":9,"minecraft:light_gray_concrete":4,"minecraft:spruce_wood":3,"minecraft:stone":21,"minecraft:player_head":1,"minecraft:white_wool":2,"minecraft:spruce_slab":1,"minecraft:cyan_terracotta":2,"minecraft:polished_granite":2,"minecraft:torch":1,"minecraft:calcite":6,"minecraft:melon":23,"minecraft:rose_bush":1,"minecraft:cobblestone":2,"minecraft:cyan_bed":4,"minecraft:bricks":4,"minecraft:spruce_stairs":2,"minecraft:purple_wool":8,"minecraft:black_stained_glass":4,"minecraft:ice":4,"minecraft:spruce_log":4,"minecraft:birch_leaves":1,"minecraft:grass":1,"minecraft:cyan_carpet":1,"minecraft:dirt":11,"minecraft:cobweb":17,"minecraft:stone_bricks":7,"minecraft:oak_leaves":2,"minecraft:fern":5},"minecraft:used":{"minecraft:jack_o_lantern":1,"minecraft:spruce_slab":1,"minecraft:spruce_planks":4,"soul_like_armors_reworked:estusflask":3,"minecraft:rotten_flesh":8,"minecraft:netherrack":2,"minecraft:dirt":37,"minecraft:spruce_stairs":2,"minecraft:dark_oak_planks":1,"soul_like_armors_reworked:dagger":260,"minecraft:iron_axe":9,"minecraft:golden_carrot":1,"tombstone:gift":8,"minecraft:skeleton_skull":1,"soul_like_armors_reworked:rustysteelmace":304,"minecraft:diamond_axe":20,"minecraft:white_wool":1,"minecraft:spruce_log":7,"minecraft:diamond_pickaxe":59,"minecraft:bread":1,"minecraft:cyan_bed":5,"minecraft:melon_slice":109,"tombstone:grave_key":3,"minecraft:spruce_sapling":1,"soul_like_armors_reworked:rustysteel_helmet":2,"minecraft:experience_bottle":24},"minecraft:broken":{"minecraft:chainmail_leggings":1,"minecraft:iron_chestplate":1,"soul_like_armors_reworked:dark_knight_leggings":1,"minecraft:chainmail_chestplate":1,"minecraft:turtle_helmet":1},"minecraft:killed":{"minecraft:evoker":2,"minecraft:vex":2,"minecraft:cave_spider":1,"minecraft:spider":1,"minecraft:vindicator":8,"minecraft:skeleton":3,"minecraft:illusioner":4,"minecraft:husk":1,"minecraft:sheep":1,"minecraft:pillager":9,"minecraft:zombie":5,"minecraft:stray":1,"minecraft:cow":9},"minecraft:dropped":{"minecraft:spruce_sign":8,"minecraft:wheat_seeds":2,"minecraft:golden_horse_armor":1,"soul_like_armors_reworked:rustysteelmace":2,"soul_like_armors_reworked:estusflask":13,"minecraft:leather":2,"soul_like_armors_reworked:rustysteel_boots":1,"minecraft:stick":3,"minecraft:dirt":6,"tombstone:grave_key":1,"minecraft:mutton":2,"minecraft:dark_oak_trapdoor":1,"tombstone:grave_dust":2,"soul_like_armors_reworked:dark_knight_leggings":2,"minecraft:iron_axe":1,"minecraft:dark_oak_planks":5,"minecraft:string":1,"minecraft:bucket":1,"minecraft:white_wool":1,"minecraft:bone":8,"minecraft:rotten_flesh":2,"minecraft:spruce_fence":1,"minecraft:turtle_helmet":1,"minecraft:gunpowder":7,"minecraft:spruce_planks":3,"minecraft:skeleton_skull":1,"minecraft:beetroot_seeds":4,"apotheosis:gem":3,"minecraft:arrow":12,"minecraft:beef":4,"minecraft:cyan_bed":3,"minecraft:polished_granite":1,"minecraft:purple_carpet":7,"minecraft:magenta_terracotta":1}},"DataVersion":3465}