{"stats":{"minecraft:crafted":{"minecraft:oak_planks":200,"travelersbackpack:crafting_upgrade":1,"minecraft:glass":29,"travelersbackpack:purple_sleeping_bag":3,"minecraft:chest":7,"vanillaplustools:stone_shovel":1,"travelersbackpack:iron_tier_upgrade":1,"minecraft:diamond_axe":1,"minecraft:crafting_table":1,"minecraft:spruce_planks":36,"travelersbackpack:standard":1,"minecraft:birch_planks":24,"minecraft:diamond_pickaxe":1,"minecraft:stick":324,"minecraft:gold_ingot":9,"minecraft:stone_shovel":11,"vanillaplustools:stone_hammer":8,"minecraft:furnace":2,"travelersbackpack:blank_upgrade":4,"travelersbackpack:gold_tier_upgrade":1,"minecraft:iron_hoe":1,"minecraft:stone_pickaxe":76,"travelersbackpack:diamond_tier_upgrade":1,"minecraft:cooked_beef":31,"travelersbackpack:backpack_tank":4,"minecraft:bucket":1,"minecraft:air":0,"minecraft:white_bed":2,"minecraft:torch":40},"minecraft:custom":{"minecraft:interact_with_crafting_table":55,"minecraft:open_barrel":31,"minecraft:eat_cake_slice":17,"minecraft:leave_game":8,"minecraft:time_since_death":52377,"minecraft:damage_resisted":482,"minecraft:sprint_one_cm":1792729,"minecraft:damage_blocked_by_shield":2800,"minecraft:drop":179,"minecraft:play_noteblock":1,"minecraft:talked_to_villager":3,"minecraft:play_time":461858,"minecraft:deaths":98,"minecraft:jump":4177,"minecraft:walk_on_water_one_cm":56689,"minecraft:interact_with_furnace":33,"minecraft:sleep_in_bed":8,"minecraft:damage_dealt":31012,"minecraft:player_kills":2,"minecraft:crouch_one_cm":24970,"tombstone:undead_killed":70,"minecraft:interact_with_smithing_table":23,"minecraft:mob_kills":146,"minecraft:damage_dealt_resisted":0,"minecraft:climb_one_cm":9292,"minecraft:walk_one_cm":1663686,"minecraft:sneak_time":9440,"minecraft:walk_under_water_one_cm":10938,"minecraft:total_world_time":461858,"tombstone:raider_killed":23,"minecraft:time_since_rest":14466,"minecraft:damage_taken":38618,"minecraft:damage_absorbed":1141,"minecraft:swim_one_cm":74215,"minecraft:fly_one_cm":744149,"minecraft:open_chest":282,"minecraft:fall_one_cm":86206},"minecraft:killed_by":{"minecraft:creeper":1,"minecraft:pillager":9,"minecraft:vindicator":49,"iceandfire:ice_dragon":1,"minecraft:zombie":7,"iceandfire:fire_dragon":1,"minecraft:vex":9,"minecraft:illusioner":7,"minecraft:husk":2,"minecraft:player":2,"minecraft:stray":3,"minecraft:skeleton":6},"minecraft:picked_up":{"minecraft:iron_chestplate":1,"minecraft:wheat":1,"minecraft:chainmail_boots":1,"minecraft:smithing_table":2,"minecraft:enchanted_book":8,"tombstone:grave_key":2,"minecraft:string":10,"minecraft:dark_oak_trapdoor":1,"minecraft:raw_copper":243,"minecraft:iron_leggings":2,"minecraft:diamond_leggings":2,"minecraft:spruce_planks":8,"minecraft:rose_bush":1,"soul_like_armors_reworked:dagger":1,"minecraft:melon_slice":140,"minecraft:furnace":2,"minecraft:iron_boots":5,"minecraft:tipped_arrow":1,"minecraft:stick":126,"apotheosis:gem":19,"minecraft:oak_fence":1,"minecraft:torch":130,"minecraft:spruce_stairs":2,"minecraft:pointed_dripstone":4,"tombstone:grave_dust":14,"tombstone:tablet_of_cupidity":1,"minecraft:golden_chestplate":1,"minecraft:rotten_flesh":46,"minecraft:end_rod":1,"minecraft:iron_bars":7,"minecraft:cobblestone":4929,"minecraft:birch_log":6,"minecraft:cooked_beef":7,"minecraft:feather":2,"minecraft:flint":12,"create:raw_zinc":47,"travelersbackpack:gold_tier_upgrade":2,"minecraft:lantern":1,"minecraft:magenta_terracotta":1,"minecraft:dirt":330,"minecraft:polished_granite":1,"minecraft:name_tag":1,"minecraft:purple_carpet":10,"minecraft:leather_boots":1,"minecraft:bone":33,"minecraft:glass":4,"minecraft:bow":2,"minecraft:wheat_seeds":33,"soul_like_armors_reworked:rustysteel_boots":1,"minecraft:mossy_stone_bricks":2,"minecraft:glowstone_dust":4,"minecraft:oak_planks":32,"patchouli:guide_book":1,"minecraft:sand":30,"soul_like_armors_reworked:dark_knight_leggings":3,"minecraft:cyan_bed":8,"iceandfire:frozen_dirt":1,"minecraft:mossy_cobblestone":1,"minecraft:bundle":4,"minecraft:diamond":5,"minecraft:golden_apple":6,"minecraft:netherrack":12,"minecraft:spruce_sign":8,"minecraft:emerald":10,"minecraft:bread":7,"minecraft:jack_o_lantern":1,"minecraft:oak_sapling":5,"iceandfire:raw_silver":4,"minecraft:charcoal":24,"minecraft:crafting_table":3,"minecraft:purple_wool":10,"minecraft:chicken":1,"minecraft:turtle_helmet":3,"minecraft:wooden_pickaxe":1,"minecraft:gold_block":3,"minecraft:diamond_horse_armor":1,"iceandfire:frozen_cobblestone":2,"minecraft:shield":1,"minecraft:iron_axe":2,"minecraft:wooden_sword":1,"minecraft:quartz_slab":1,"minecraft:cyan_carpet":2,"minecraft:beef":44,"minecraft:player_head":1,"minecraft:poppy":1,"minecraft:spruce_slab":1,"minecraft:chest":1,"minecraft:egg":2,"minecraft:raw_iron":1,"minecraft:spruce_fence":1,"soul_like_armors_reworked:rustysteel_helmet":2,"minecraft:dark_oak_planks":8,"iceandfire:dragon_skull_ice":1,"soul_like_armors_reworked:estusflask":34,"minecraft:arrow":47,"minecraft:diamond_chestplate":1,"minecraft:beetroot_seeds":4,"minecraft:nether_bricks":32,"minecraft:diamond_boots":2,"minecraft:totem_of_undying":2,"minecraft:gold_ingot":2,"minecraft:mutton":2,"minecraft:skeleton_skull":2,"minecraft:white_wool":14,"minecraft:lime_bed":1,"minecraft:air":0,"minecraft:salmon":1,"minecraft:leather":36,"minecraft:birch_planks":9,"minecraft:oak_log":43,"minecraft:chainmail_chestplate":1,"minecraft:golden_boots":1,"minecraft:gunpowder":9,"tombstone:gift":1,"soul_like_armors_reworked:rustyshield":3,"minecraft:iron_ingot":9,"minecraft:stone_pickaxe":1,"minecraft:cooked_chicken":2,"minecraft:soul_sand":1,"travelersbackpack:blank_upgrade":7,"minecraft:book":12,"iceandfire:ash":2,"minecraft:dripstone_block":25,"minecraft:gravel":322,"minecraft:spruce_sapling":1,"minecraft:spruce_log":23,"travelersbackpack:purple_sleeping_bag":3,"soul_like_armors_reworked:rustysteelmace":4,"minecraft:spider_eye":5,"travelersbackpack:standard":11,"minecraft:diamond_shovel":1,"soul_like_armors_reworked:dark_knight_chestplate":1,"minecraft:iron_helmet":1,"vanillaplustools:stone_hammer":1,"tombstone:magic_scroll":2,"minecraft:baked_potato":4,"minecraft:coal":94,"minecraft:sunflower":1},"minecraft:mined":{"minecraft:dark_oak_planks":5,"minecraft:spruce_planks":19,"minecraft:red_nether_bricks":1,"minecraft:grass_block":22,"minecraft:spawner":35,"minecraft:glowstone":1,"minecraft:iron_ore":1,"minecraft:fire":12,"minecraft:pointed_dripstone":8,"minecraft:dirt_path":1,"minecraft:iron_bars":20,"minecraft:purple_carpet":9,"minecraft:light_gray_concrete":4,"minecraft:spruce_wood":3,"minecraft:player_head":1,"minecraft:spruce_slab":1,"minecraft:cyan_terracotta":2,"minecraft:magenta_wall_banner":1,"minecraft:torch":107,"minecraft:calcite":6,"minecraft:melon":23,"minecraft:chest":1,"iceandfire:frozen_dirt":1,"minecraft:cobblestone":65,"minecraft:cyan_bed":4,"minecraft:oak_planks":6,"minecraft:bricks":4,"minecraft:wall_torch":13,"minecraft:birch_log":6,"minecraft:wheat":2,"minecraft:grass":209,"minecraft:oak_log":43,"minecraft:sand":30,"minecraft:dirt":291,"minecraft:netherrack":4,"travelersbackpack:purple_sleeping_bag":3,"minecraft:oak_leaves":94,"minecraft:deepslate":1,"create:zinc_ore":49,"minecraft:tuff":1,"iceandfire:silver_ore":12,"minecraft:mossy_cobblestone":2,"minecraft:jack_o_lantern":1,"iceandfire:frozen_cobblestone":2,"minecraft:nether_bricks":27,"minecraft:purple_terracotta":4,"minecraft:spruce_leaves":7,"minecraft:large_fern":18,"minecraft:furnace":3,"minecraft:gold_block":1,"minecraft:bookshelf":6,"minecraft:vine":5,"minecraft:stone":7905,"minecraft:white_wool":2,"minecraft:smithing_table":2,"minecraft:soul_sand":1,"minecraft:polished_granite":2,"travelersbackpack:standard":9,"minecraft:oak_fence":1,"minecraft:crafting_table":3,"minecraft:emerald_ore":4,"minecraft:rose_bush":1,"minecraft:campfire":12,"minecraft:tall_grass":27,"minecraft:copper_ore":152,"minecraft:spruce_stairs":2,"minecraft:purple_wool":8,"minecraft:black_stained_glass":4,"minecraft:lime_bed":1,"minecraft:ice":4,"minecraft:spruce_log":11,"minecraft:birch_leaves":4,"minecraft:coal_ore":92,"minecraft:sunflower":1,"minecraft:gravel":164,"minecraft:cyan_carpet":1,"minecraft:dripstone_block":64,"minecraft:cobweb":17,"minecraft:stone_bricks":15,"minecraft:mossy_stone_bricks":1,"minecraft:fern":5},"minecraft:used":{"minecraft:jack_o_lantern":1,"minecraft:spruce_slab":1,"minecraft:poppy":1,"minecraft:chest":6,"minecraft:shield":41,"minecraft:rotten_flesh":8,"minecraft:iron_chestplate":1,"minecraft:nether_bricks":25,"minecraft:carrot":3,"minecraft:bow":2,"minecraft:oak_sapling":5,"minecraft:furnace":4,"travelersbackpack:purple_sleeping_bag":3,"minecraft:skeleton_skull":1,"minecraft:egg":2,"soul_like_armors_reworked:rustysteelmace":694,"minecraft:golden_boots":1,"minecraft:mossy_stone_bricks":1,"minecraft:diamond_boots":1,"minecraft:stone_pickaxe":5,"minecraft:oak_planks":72,"minecraft:diamond_axe":321,"minecraft:golden_apple":2,"minecraft:white_wool":1,"minecraft:golden_hoe":35,"minecraft:melon_slice":139,"minecraft:bread":8,"minecraft:cyan_bed":5,"tombstone:grave_key":8,"minecraft:gravel":6,"soul_like_armors_reworked:rustysteel_helmet":2,"minecraft:smithing_table":2,"minecraft:experience_bottle":35,"minecraft:oak_fence":1,"minecraft:stone_shovel":83,"soul_like_armors_reworked:dark_knight_chestplate":1,"minecraft:spruce_planks":4,"vanillaplustools:stone_hammer":936,"soul_like_armors_reworked:estusflask":22,"minecraft:cooked_chicken":2,"minecraft:netherrack":3,"minecraft:torch":173,"minecraft:dirt":297,"minecraft:spruce_stairs":2,"minecraft:golden_chestplate":2,"minecraft:iron_hoe":12,"minecraft:dark_oak_planks":1,"soul_like_armors_reworked:dagger":260,"minecraft:iron_axe":9,"minecraft:totem_of_undying":1,"minecraft:golden_carrot":28,"tombstone:gift":11,"minecraft:cooked_beef":12,"minecraft:iron_leggings":1,"minecraft:pointed_dripstone":1,"minecraft:wheat_seeds":29,"minecraft:baked_potato":5,"minecraft:salmon":1,"minecraft:lime_bed":1,"minecraft:crafting_table":3,"vanillaplustools:stone_shovel":2,"minecraft:white_bed":2,"minecraft:spruce_log":7,"minecraft:diamond_pickaxe":407,"minecraft:apple":5,"minecraft:diamond_shovel":179,"minecraft:spruce_sapling":1,"minecraft:cobblestone":596,"minecraft:potion":3,"travelersbackpack:standard":8,"minecraft:bucket":7,"minecraft:pumpkin_pie":9,"minecraft:diamond_leggings":1},"minecraft:broken":{"minecraft:golden_helmet":1,"soul_like_armors_reworked:dark_knight_chestplate":1,"minecraft:iron_chestplate":1,"minecraft:iron_leggings":2,"minecraft:chainmail_boots":1,"soul_like_armors_reworked:dark_knight_leggings":1,"minecraft:diamond_boots":1,"minecraft:chainmail_chestplate":1,"minecraft:bow":1,"minecraft:golden_chestplate":2,"minecraft:golden_hoe":1,"minecraft:diamond_chestplate":1,"minecraft:chainmail_leggings":1,"minecraft:shield":1,"vanillaplustools:stone_hammer":7,"minecraft:leather_boots":1,"minecraft:iron_helmet":1,"minecraft:turtle_helmet":1,"soul_like_armors_reworked:rustysteel_helmet":1},"minecraft:killed":{"minecraft:cave_spider":4,"minecraft:spider":6,"minecraft:skeleton":15,"minecraft:chicken":1,"minecraft:illusioner":4,"minecraft:salmon":1,"minecraft:creeper":1,"minecraft:sheep":4,"minecraft:pillager":9,"minecraft:zombie":48,"minecraft:stray":6,"minecraft:cow":24,"minecraft:vex":2,"minecraft:evoker":2,"minecraft:vindicator":8,"minecraft:husk":1,"iceandfire:cyclops":1},"minecraft:dropped":{"minecraft:spruce_sign":8,"minecraft:soul_sand":1,"minecraft:birch_planks":9,"minecraft:cooked_beef":13,"minecraft:glass_bottle":2,"soul_like_armors_reworked:estusflask":15,"soul_like_armors_reworked:rustysteelmace":3,"minecraft:leather":6,"travelersbackpack:purple_sleeping_bag":2,"travelersbackpack:standard":2,"minecraft:emerald":1,"minecraft:gold_block":1,"minecraft:dirt":83,"minecraft:mutton":2,"minecraft:dark_oak_trapdoor":1,"minecraft:dark_oak_planks":5,"minecraft:white_wool":1,"minecraft:gold_ingot":1,"minecraft:bone":37,"minecraft:rotten_flesh":22,"minecraft:oak_planks":28,"minecraft:glowstone_dust":4,"patchouli:guide_book":1,"travelersbackpack:gold_tier_upgrade":2,"minecraft:tipped_arrow":1,"minecraft:turtle_helmet":2,"minecraft:gunpowder":9,"minecraft:skeleton_skull":1,"minecraft:beetroot_seeds":4,"apotheosis:gem":9,"vanillaplustools:stone_hammer":1,"minecraft:iron_bars":1,"minecraft:arrow":23,"minecraft:beef":4,"minecraft:polished_granite":1,"minecraft:netherrack":3,"minecraft:purple_carpet":7,"minecraft:enchanted_book":3,"minecraft:golden_boots":1,"minecraft:wheat_seeds":6,"minecraft:mossy_cobblestone":2,"minecraft:golden_horse_armor":1,"minecraft:cobblestone":463,"soul_like_armors_reworked:rustysteel_boots":1,"minecraft:coal":3,"minecraft:golden_apple":1,"minecraft:stick":3,"minecraft:diamond_horse_armor":1,"tombstone:grave_key":1,"minecraft:melon_slice":12,"travelersbackpack:blank_upgrade":3,"tombstone:grave_dust":8,"soul_like_armors_reworked:dark_knight_leggings":2,"minecraft:iron_axe":1,"minecraft:string":1,"minecraft:bucket":1,"minecraft:iron_boots":4,"minecraft:nether_bricks":51,"minecraft:spruce_fence":1,"minecraft:bundle":1,"minecraft:spruce_planks":3,"minecraft:mossy_stone_bricks":1,"minecraft:diamond_boots":1,"minecraft:cyan_bed":3,"minecraft:magenta_terracotta":1}},"DataVersion":3465}